HUVUDMANNATYP|ORGANISATIONSNR|LÄN|LÄNSNAMN|KOMMUN|KOMMUNNAMN|SKOLENHETSKOD|NAMN|ADRESS|POSTNR|POSTORT|BESÖKSADRESS|BESÖKSPOSTNR|BESÖKSPOSTORT|TELENR|WEBB|EPOST|HUVUDMANS NAMN|REKTORS NAMN|JURIDISK FORM
Kommunal|2120000019|01|Stockholms län|0114|Upplands Väsby|25315338|Väsby Vuxenutbildning SFI|Dragonvägen 86|19433|UPPLANDS VÄSBY|Dragonvägen 86|19433|UPPLANDS VÄSBY|08-59097000|http://www.upplandsvasby.se/vux|vuxenutbildningen@upplandsvasby.se|UPPLANDS VÄSBY KOMMUN|Stefan Quas|Kommuner
Kommunal|2120002890|01|Stockholms län|0117|Österåker|35372646|Komvux i Österåkers kommun    SFI||18486|ÅKERSBERGA|Stenhagsvägen 45-47|18433|ÅKERSBERGA|08-54081701|http://www.osteraker.se/komvux|komvux@osteraker.se|ÖSTERÅKERS KOMMUN|Sara Schildt|Kommuner
Kommunal|2120000035|01|Stockholms län|0120|Värmdö|53295831|Komvux Värmdö||13481|GUSTAVSBERG|Skärgårdsvägen 7|13441|GUSTAVSBERG|08-57048331|http://www.varmdo.se|komvux@varmdo.se|VÄRMDÖ KOMMUN|Eva Sonntag|Kommuner
Kommunal|2120000043|01|Stockholms län|0123|Järfälla|11871194|Järfälla Lärcentrum|Järfällavägen 100, plan 4|17741|JÄRFÄLLA|Järfällavägen 102-104|17741|JÄRFÄLLA|08-58028371|http://www.jarfalla.se/vuxenutbildning|Patrik.Marinilli@jarfalla.se|JÄRFÄLLA KOMMUN|Ulrika Grönqvist|Kommuner
Kommunal|2120000068|01|Stockholms län|0126|Huddinge|61487953|Vux Huddinge SFI||14185|HUDDINGE|Patron Pehrs väg 6|14346|HUDDINGE|08-53531178|http://www.komvux.huddinge.se|vux@huddinge.se|HUDDINGE KOMMUN|Vig, Jonas|Kommuner
Kommunal|2120002882|01|Stockholms län|0127|Botkyrka|58826633|Botkyrka Vuxenutb. SFI|Gröndalsvägen 20|14730|TUMBA|Gröndalsvägen 20|14730|TUMBA|08-53062035|http://www.botkyrka.se/vuxenutbildning|vuxenutbildning@botkyrka.se|BOTKYRKA KOMMUN|Helen Myslek|Kommuner
Kommunal|2120000084|01|Stockholms län|0136|Haninge|43084085|Centrum Vux|Haninge kommun|13681|HANINGE|Marinens väg 30|13640|HANDEN|08-6067901|http://haninge.se/sv/Specialwebbar/VUXENSKOLA/Centrum-Vux/|hadi.hormozi@haninge.se|HANINGE KOMMUN|Cecilia Berglund|Kommuner
Kommunal|2120000092|01|Stockholms län|0138|Tyresö|95659810|Tyresö kommun, SFI|Farmarstigen 11|13536|TYRESÖ|Farmarstigen 11|13536|TYRESÖ|08-57829250|http://www.tyreso.se|arbetscentrum@tyreso.se|TYRESÖ KOMMUN|Erik Hamner|Kommuner
Kommunal|2120000100|01|Stockholms län|0139|Upplands-Bro|68863565|Upplands-Bro SFI-enheten|Kyrkvägen 6|19630|KUNGSÄNGEN|Kyrkvägen 6|19630|KUNGSÄNGEN|08-58169299|http://www.upplands-bro.se/barn-och-utbildning/vuxenutbildningen/sfi---svenska-for-invandrare.html|vux@upplands-bro.se|UPPLANDS-BRO KOMMUN|Tomas Stens|Kommuner
Kommunal|2120000118|01|Stockholms län|0160|Täby|53142421|Folkuniversitetet SFI Nordost|Kunskapscentrum Nordost|18380|TÄBY|Attundafältet 14|18334|TÄBY|08-55558340|http://www.folkuniversitetet.se/vux|kunskapscentrumnordost@taby.se|TÄBY KOMMUN|Svante Ingler|Kommuner
Kommunal|2120000118|01|Stockholms län|0160|Täby|74660201|Kunskapscentrum Nordost SFI|Kunskapscentrum Nordost|18380|TÄBY|Attundafältet 14|18334|TÄBY|08-55558340|http://www.kunskapscentrumnordost.se|kunskapscentrumnordost@taby.se|TÄBY KOMMUN|Svante Ingler|Kommuner
Kommunal|2120000134|01|Stockholms län|0163|Sollentuna|36127669|Eductus SFI|Aniaraplatsen 4, 1 tr|19147|SOLLENTUNA|Aniaraplatsen 4, 1 tr|19147|SOLLENTUNA|08-6234578|http://www.eductus.se/sollentuna|sanela.curic@eductus.se|SOLLENTUNA KOMMUN|Sanela Curic|Kommuner
Kommunal|2120000134|01|Stockholms län|0163|Sollentuna|61751087|Folkuniversitetet SFI Sollent.|Box 6901|10239|STOCKHOLM|Kungstensgatan 45|11359|STOCKHOLM|08-7894200|http://www.folkuniversitetet.se/vux||SOLLENTUNA KOMMUN|Vakant|Kommuner
Kommunal|2120000134|01|Stockholms län|0163|Sollentuna|71008107|Kunskapsparken SFI|Turebergsvägen 1 B, 3 tr, portkod 4306|19147|SOLLENTUNA|Turebergsvägen 1 B, 3 tr, portkod 4306|19147|SOLLENTUNA|08-57921000|http://www.kunskapsparken.sollentuna.se|kunskapsparken@sollentuna.se|SOLLENTUNA KOMMUN|Vakant|Kommuner
Kommunal|2120000142|01|Stockholms län|0180|Stockholm|88998356|Alma folkhögskola SFI|Box 47099|10074|STOCKHOLM|Årstaängsvägen 31, J|11743|STOCKHOLM|08-4621100|http://www.alma.fhsk.se|info@alma.fhsk.se|STOCKHOLMS KOMMUN|Vakant|Kommuner
Kommunal|2120000142|01|Stockholms län|0180|Stockholm|79085201|Alternativ sfi |Sandhamnsgatan 8|11540|STOCKHOLM|Sandhamnsgatan 8|11540|STOCKHOLM|076-1235449|http://www.stockholm.se/sfi|helene.singer@stockholm.se|STOCKHOLMS KOMMUN|Helene Singer|Kommuner
Enskild|5566064209|01|Stockholms län|0180|Stockholm|85782695|Distra Bygg Gymnasium Sthlm|Box 7035|12107|STOCKHOLM|Hallvägen 14|12162|JOHANNESHOV|073-6837338|http://www.distra.se|info@edu.distra.se|DISTRA UTBILDNINGS CENTER AB|Sofia Rytterström|Aktiebolag utom bank- och försäkringsaktiebolag
Kommunal|2120000142|01|Stockholms län|0180|Stockholm|73294718|Kista folkhögskola SFI|Kista Torg 7, Kista Träff|16442|KISTA|Kista Torg 7, Kista Träff|16442|KISTA|08-7515040|http://www.kistafolkhogskola.se|sfi@kistafolkhogskola.se|STOCKHOLMS KOMMUN|Vakant|Kommuner
Kommunal|2120000142|01|Stockholms län|0180|Stockholm|48933946|SFI Stockholm|Box 17140, Arbetsmarknadsförv.|10462|STOCKHOLM|Hornsgatan 124|11728|STOCKHOLM|08-50833200|http://www.stockholm.se|Info.SFCSFI@stockholm.se|STOCKHOLMS KOMMUN|Anna Sundbom|Kommuner
Kommunal|2120000142|01|Stockholms län|0180|Stockholm|57770186|SFI Söderort|Vårholmsbackarna 100|12744|SKÄRHOLMEN|Vårholmsbackarna 100|12744|SKÄRHOLMEN|08-50835702|http://sfisoderort.stockholm.se|sivert.kvarneus@stockholm.se|STOCKHOLMS KOMMUN|Sivert Kvarnéus|Kommuner
Kommunal|2120000142|01|Stockholms län|0180|Stockholm|36738550|SFI-Västerort|Bredbyplan 36|16371|SPÅNGA|Bredbyplan 36|16371|SPÅNGA|08-50835730|http://www.facebook.com/SfiVasterort|maria.rudling@stockholm.se|STOCKHOLMS KOMMUN|Maria Rudling|Kommuner
Enskild|8020170794|01|Stockholms län|0180|Stockholm|89983665|Stadsmissionens folkhögskola/SFI|Årstaängsvägen 33|11743|STOCKHOLM|Årstaängsvägen 31B 5 tr|11743|STOCKHOLM|08-68423000|http://www.stadsmissionen.se/grillska/komvux/Stockholm|magnus.wetterberg@stadsmissionen.se|STADSMISSIONENS SKOLSTIFTELSE|Magnus Wetterberg|Övriga stiftelser och fonder, inkl pensionsstiftelser och personalstiftelser
Kommunal|2120000142|01|Stockholms län|0180|Stockholm|94498092|Sthlms intensivsv f akadem SFI|Box 17804|11894|STOCKHOLM|Blekingegatan 55|11894|STOCKHOLM|08-50835781|http://sifa.stockholm.se|sifa@stockholm.se|STOCKHOLMS KOMMUN|Roswitha Rieder|Kommuner
Enskild|5565253944|01|Stockholms län|0180|Stockholm|87927983|SweJa Kunskapscenter AB SFI|Trekantsvägen 1, plan 3|11743|STOCKHOLM|Trekantsvägen 1, plan 3|11743|STOCKHOLM|08-6811394|http://swejakc.se/|info@swejakc.se|SWEJA KUNSKAPSCENTER AKTIEBOLAG|Gunilla Eriksson|Aktiebolag utom bank- och försäkringsaktiebolag
Kommunal|2120000142|01|Stockholms län|0180|Stockholm|74919233|YFI|Box 17804|11894|STOCKHOLM|Blekingegatan 55|11894|STOCKHOLM|+46850835743|http://yfi.stockholm.se|yfi@stockholm.se|STOCKHOLMS KOMMUN|Tobias Fankvist|Kommuner
Enskild|5566753736|01|Stockholms län|0180|Stockholm|26298615|Yrkesplugget|Johannesfredsvägen 9-11|16869|BROMMA|Johannesfredsvägen 9-11|16869|BROMMA|08-40914200|http://www.yrkesplugget.se|bromma@yrkesplugget.se|Yrkesplugget i Sverige AB|Dejan Matic|Aktiebolag utom bank- och försäkringsaktiebolag
Kommunal|2120000159|01|Stockholms län|0181|Södertälje|72577064|Hagabergs folkhögskola SFI|Box 19161|15227|SÖDERTÄLJE|Erik Dahlbergs väg 60|15270|SÖDERTÄLJE|08-55091000|http://www.hagaberg.fhsk.se|reception@hagaberg.fhsk.se|SÖDERTÄLJE KOMMUN|Vakant|Kommuner
Kommunal|2120000159|01|Stockholms län|0181|Södertälje|87873190|Komvux, SFI|Vuxenutbildningen, Västerg 2|15189|SÖDERTÄLJE|Västergatan 2|15145|SÖDERTÄLJE|08-55022345|http://www.vuxenutbildningen.sodertalje.se|vuxenutbildningen@sodertalje.se|SÖDERTÄLJE KOMMUN|Achilles French|Kommuner
Kommunal|2120000167|01|Stockholms län|0182|Nacka|45274467|Eductus SFI|Eductus AB|13154|NACKA|Experimentgatan 7, 3 tr|13134|NACKA|08-6233151|http://www.eductus.se|vux.nacka@eductus.se|NACKA KOMMUN|Staffan Ström|Kommuner
Kommunal|2120000167|01|Stockholms län|0182|Nacka|63445397|Folkuniversitetet SFI Nacka|Nacka kommun|13181|NACKA|Kungstensgatan 45|11359|STOCKHOLM|08-7894200|http://www.folkuniversitetet.se/vux||NACKA KOMMUN|vakant|Kommuner
Kommunal|2120000167|01|Stockholms län|0182|Nacka|84240706|Integra Nacka, SFI|Nacka kommun|13181|NACKA|Fidravägen 1|13304|SALTSJÖBADEN|0708-693380|http://www.integra-ab.se|carlos.toledo@integra-ab.se|NACKA KOMMUN|Staffan Ström|Kommuner
Kommunal|2120000167|01|Stockholms län|0182|Nacka|64918048|Lernia AB/SFI Nacka|Nacka kommun|13181|NACKA|Ektorpsvägen 4 C|13145|NACKA|08-6496106|||NACKA KOMMUN|vakant|Kommuner
Kommunal|2120000167|01|Stockholms län|0182|Nacka|34368572|Omsorgslyftet Utbildningar/SFI|Nacka kommun|13181|NACKA|Ektorpsvägen 2|13147|NACKA|08-7160750|http://www.omsorgslyftet.se|marie@omsorgslyftet.se|NACKA KOMMUN|Staffan Ström|Kommuner
Kommunal|2120000175|01|Stockholms län|0183|Sundbyberg|39044655|Centrum för vuxenutb., SFI|Social- och arbetsmarknadsförvaltningen|17292|SUNDBYBERG|Lötsjövägen 10-12|17452|SUNDBYBERG|08-7068501|http://www.sundbyberg.se/vux|vuxenutbildningen@sundbyberg.se|SUNDBYBERGS KOMMUN|Fredrik Ekdahl|Kommuner
Kommunal|2120000183|01|Stockholms län|0184|Solna|74830111|Folkuniversitetet SFI Solna|Box 6901|10239|STOCKHOLM|Kungstensgatan 45|11359|STOCKHOLM|08-7342000|http://www.folkuniversitetet.se/vux|direkt@folkuniversitetet.se|SOLNA KOMMUN|Vakant|Kommuner
Kommunal|2120000183|01|Stockholms län|0184|Solna|99551289|Solna vuxenutbildning SFI|Solna stad|17186|SOLNA|Stadshusgången 6|17186|SOLNA|08-7461000|http://www.solna.se/vux|malin.ekenstierna@solna.se|SOLNA KOMMUN|Natalia Gura|Kommuner
Kommunal|2120000191|01|Stockholms län|0186|Lidingö|20254204|Lidingö komvux SFI|Läroverksvägen 56|18140|LIDINGÖ|Läroverksvägen 56|18140|LIDINGÖ|08-7313916|http://www.lidingo.se/vuxenutbildningen|vuxenutbildning@lidingo.se|LIDINGÖ KOMMUN|Eva-Lotta Arenander|Kommuner
Kommunal|2120000217|01|Stockholms län|0188|Norrtälje|28207453|Norrtälje kom. vuxenutb. SFI|Box 803|76128|NORRTÄLJE|Astrid Lindgrens gata 2 A|76146|NORRTÄLJE|0176-71936|http://www.norrtalje.se|nkv@norrtalje.se|NORRTÄLJE KOMMUN|Lena Nordström|Kommuner
Kommunal|2120000225|01|Stockholms län|0191|Sigtuna|20159722|Centrum Vuxenutveckling SFI|Sigtuna kommun|19585|MÄRSTA|Vikingavägen 2|19551|MÄRSTA|08-59783062|http://www.sigtuna.se|centrumvux@sigtuna.se|SIGTUNA KOMMUN|Maryam Barkadehi |Kommuner
Kommunal|2120000225|01|Stockholms län|0191|Sigtuna|98125448|Externanordnare 1, SFI|Maskingatan 3, 2 tr|19560|ARLANDASTAD|Maskingatan 3, 2 tr|19560|ARLANDASTAD|08-59783042|http://www.sigtuna.se/Barn--Utbildning/Vuxenutbildning/Centrum-for-Vuxenutveckling/|yvonne.strom-rapp@sigtuna.se|SIGTUNA KOMMUN|Roberto Ghisler|Kommuner
Kommunal|2120000233|01|Stockholms län|0192|Nynäshamn|19544781|NKC SFI|Nynäshamns kommun|14981|NYNÄSHAMN|Idunvägen 1|14931|NYNÄSHAMN|08-52068091|http://www.nynashamn.se/nkc|Madeleine.Alsterqvist@nynashamn.se|NYNÄSHAMNS KOMMUN|Anna Eriksson|Kommuner
Kommunal|2120000241|03|Uppsala län|0305|Håbo|16546407|Fridegårdsgymnasiet- SFI|Håbo kommun|74680|BÅLSTA|Centrumleden, Bålsta centrum|74632|BÅLSTA|0171-53840|http://www.fridegardsgymnasiet.se|fridegard@edu.habo.se|HÅBO KOMMUN|Catharina Wakim|Kommuner
Kommunal|2120000258|03|Uppsala län|0319|Älvkarleby|47758313|Komvux SFI|Box 4|81421|SKUTSKÄR|Centralgatan 10 a|81440|SKUTSKÄR|026-83255|http://www.alvkarleby.se|karin.hagman@alvkarleby.se|ÄLVKARLEBY KOMMUN|EvaBritt Säfström|Kommuner
Kommunal|2120003013|03|Uppsala län|0330|Knivsta|35654532|Vuxenutbildningen|Knivsta Kommun|74175|KNIVSTA|Valloxvägen 2|74142|KNIVSTA|018-347125|http://www.knivsta.se|knivsta@knivsta.se|KNIVSTA KOMMUN|Tomas Henriksson|Kommuner
Kommunal|2120002049|03|Uppsala län|0331|Heby|81821453|CLL/SFI|Heby kommun|74488|HEBY|Norra Järnvägsgatan 2|74432|HEBY|0224-36086|http://www.heby.se/cll|information@heby.se|HEBY KOMMUN|Annie Rahlgård / Eva Bergstöm|Kommuner
Kommunal|2120000266|03|Uppsala län|0360|Tierp|85767343|Vuxenutbilningen, SFI||81580|TIERP|Palmgatan 11|81538|TIERP|0293-218368|http://www.tierp.se|vuxenutbildningen@tierp.se|TIERPS KOMMUN|Carina Rudolph Lundberg|Kommuner
Kommunal|2120003005|03|Uppsala län|0380|Uppsala|98287275|AB AlphaCE Coaching & Education|UAK, Navet utbildning|75375|UPPSALA|Bredgränd 5|75320|UPPSALA|010-3309903|http://www.uppsala.se|cecilia.halling@alphace.se|UPPSALA KOMMUN|Ulrika Lundquist|Kommuner
Kommunal|2120003005|03|Uppsala län|0380|Uppsala|98546787|Astar|UAK, Navet utbildning|75375|UPPSALA|S:t Olofsgatan 9A|75321|UPPSALA|0702-611379|http://www.uppsala.se|johanna.jacobsson@astar.se|UPPSALA KOMMUN|Ulrika Lundquist|Kommuner
Kommunal|2120003005|03|Uppsala län|0380|Uppsala|10129649|Extern vuxenutbildning|Arbetsmarknadsförvaltningen, Navet|75375|UPPSALA|Kungsgatan 85|75318|UPPSALA|018-7278637|http://www.uppsala.se|arbetsmarknadsforvaltningen@uppsala.se|UPPSALA KOMMUN|Satu Molander|Kommuner
Kommunal|2120003005|03|Uppsala län|0380|Uppsala|10078504|Folkuniversitetet Mitt|UAK, Navet utbildning|75375|UPPSALA|Bergsbrunnagatan 1|75323|UPPSALA|018-680000|http://www.uppsala.se|info@folkuniversitetet.se|UPPSALA KOMMUN|Ulrika Lundquist|Kommuner
Kommunal|2120003005|03|Uppsala län|0380|Uppsala|83919903|Hermods SFI|UAK, Navet utbildning|75375|UPPSALA|Sturegatan 9|75314|UPPSALA|08-41025139|http://www.hermods.se|sfiuppsala@hermods.se|UPPSALA KOMMUN|Ulrika Lundquist|Kommuner
Kommunal|2120003005|03|Uppsala län|0380|Uppsala|13943026|Lernia SFI|UAK, Navet utbildning|75375|UPPSALA|St Persgatan 22B|75329|UPPSALA|018-185700|http://www.lernia.se|uppsala.sfi@lernia.se|UPPSALA KOMMUN|Ulrika Lundquist|Kommuner
Kommunal|2120003005|03|Uppsala län|0380|Uppsala|39020296|Vuxenutbildningen Linné SFI 1 och SFI 2|Västra Strandgatan 11|75311|UPPSALA|Västra Strandgatan 11|75311|UPPSALA|018-7274900|http://www.uppsala.se |linne.exp@uppsala.se|UPPSALA KOMMUN|Jesper Hedin|Kommuner
Kommunal|2120003005|03|Uppsala län|0380|Uppsala|27500386|Vuxenutbildningen Linné SFI 3 och SVA|Uppsala kommun|75375|UPPSALA|Västra Strandgatan 11|75311|UPPSALA|018-7274900|http://www.uppsala.se|linne.exp@uppsala.se|UPPSALA KOMMUN|Anneli Sahlin|Kommuner
Enskild|5566753736|03|Uppsala län|0380|Uppsala|39147056|Yrkesplugget Uppsala|Kungsgatan 66|75318|UPPSALA|Kungsgatan 66|75318|UPPSALA|018-4188630|http://www.yrkesplugget.se|uppsala@yrkesplugget.se|Yrkesplugget i Sverige AB|Björn Wallqvist|Aktiebolag utom bank- och försäkringsaktiebolag
Kommunal|2120000282|03|Uppsala län|0381|Enköping|68548989|Kommunal vuxenutbildning|Box 921|74525|ENKÖPING|Korsängsgatan 12|74535|ENKÖPING|0171-625404|http://www.komvux.enkoping.se|exp@komvux.enkoping.se|ENKÖPINGS KOMMUN|Ulrika Rongelid|Kommuner
Kommunal|2120000290|03|Uppsala län|0382|Östhammar|42283307|SFI|Box 42|74702|GIMO|Gymnasievägen 1|74293|GIMO|0173-86600|http://www.osthammar.se/vuxenutbildning|vuxenutbildningen@osthammar.se|ÖSTHAMMARS KOMMUN|Jan Lind|Kommuner
Kommunal|2120002965|04|Södermanlands län|0461|Gnesta|63914267|Utbildningscentrum/SFI|Utbildningscentrum|64680|GNESTA|Åsgatan 13|64632|GNESTA|0158-275653|http://www.gnesta.se|gnesta.kommun@gnesta.se|GNESTA KOMMUN|Helene Pettersson|Kommuner
Kommunal|2120002940|04|Södermanlands län|0480|Nyköping|53076982|Komvux, SFI|Nyköpings kommun|61183|NYKÖPING|Stora Torget 7|61132|NYKÖPING|0155-248785|http://www.campusnykoping.se|info@campusnykoping.se|NYKÖPINGS KOMMUN|Björn Littmarck|Kommuner
Kommunal|2120000324|04|Södermanlands län|0481|Oxelösund|85047810|Campus Oxelösund SFI||61381|OXELÖSUND|Oxelögatan 24|61333|OXELÖSUND|0155-38636|http://www.oxelosund.se|campus@oxelosund.se|OXELÖSUNDS KOMMUN|Morgan Andersson|Kommuner
Kommunal|2120000332|04|Södermanlands län|0482|Flen|93187037|Flen komvux, SFI||64281|FLEN|Drottninggatan 24|64237|FLEN|0157-430911|http://www.flen.se|elevservice@vux.flen.se|FLENS KOMMUN|Anna-Lena Karlsson|Kommuner
Kommunal|2120000340|04|Södermanlands län|0483|Katrineholm|13987138|Viadidakt/SFI, Katrineholm|Drottninggatan 18|64180|KATRINEHOLM|Drottninggatan 18|64180|KATRINEHOLM|0150-57052|http://www.viadidakt.se|info@viadidakt.se|KATRINEHOLMS KOMMUN|Birgitta Åberg Andersson|Kommuner
Kommunal|2120000357|04|Södermanlands län|0484|Eskilstuna|39433335|Komvux, SFI|Arb.marknad- o familjeförvalt.|63186|ESKILSTUNA|Gamla Tullgatan 1|63220|ESKILSTUNA|016-7102903|http://www.eskilstuna.se/komvux|pernilla.lindstrom7@eskilstuna.se|ESKILSTUNA KOMMUN|Vakant|Kommuner
Kommunal|2120000365|04|Södermanlands län|0486|Strängnäs|48787682|Vuxenutbildningen i Strängnäs, SFI|Strängnäs kommun,Vuxenutbildningen|64580|STRÄNGNÄS|Campus Strängnäs|64533|STRÄNGNÄS|0152-29521|http://www.strangnas.se/vuxenutbildning|vuxenutbildning@strangnas.se|STRÄNGNÄS KOMMUN|Mikael Van Lunssen|Kommuner
Kommunal|2120002957|04|Södermanlands län|0488|Trosa|79187561|Vuxenutbildning Trosa|Skolkontoret|61980|TROSA|Skolvägen 1|61073|VAGNHÄRAD|0156-52365|http://trosa.se|anneli.eriksson@trosa.se|TROSA KOMMUN|Mats Larsson|Kommuner
Kommunal|2120000373|05|Östergötlands län|0509|Ödeshög|58756259|Komvux, SFI|Stora Torget 3|59980|ÖDESHÖG|Storgatan 16|59931|ÖDESHÖG|0144-35064|http://www.odeshog.se|ingmar.unosson@odeshog.se|ÖDESHÖGS KOMMUN|Richard Weibull|Kommuner
Kommunal|2120000399|05|Östergötlands län|0513|Kinda|40252965|Kinda Lärcentrum, SFI|Storgatan 9|59038|KISA|Storgatan 9|59038|KISA|0494-19424|http://www.kinda.se|karl-erik.eriksson@kinda.se|KINDA KOMMUN|Karl-Erik Eriksson|Kommuner
Kommunal|2120000415|05|Östergötlands län|0561|Åtvidaberg|52113668|Bild.centrum Facetten 1/SFI|Gamla Torget 1|59730|ÅTVIDABERG|Gamla Torget 1 B|59730|ÅTVIDABERG|0120-83372|http://www.atvidaberg.se|kommun@atvidaberg.se|ÅTVIDABERGS KOMMUN|Dan Forsberg|Kommuner
Kommunal|2120000423|05|Östergötlands län|0562|Finspång|78397545|Finspångs vuxenutb.center SFI|Ekmans väg 12|61236|FINSPÅNG|Ekmans väg 12|61241|FINSPÅNG|0122-85520|http://www.finspang.se|vuxenutbildningscentrum@finspang.se|FINSPÅNGS KOMMUN|Lise-Lotte Larstén|Kommuner
Kommunal|2120000423|05|Östergötlands län|0562|Finspång|17643936|Nya Bergska väst|Ekmans väg 12|61236|FINSPÅNG|Ekmans väg 12|61236|FINSPÅNG|0122-85538|http://www.nyabergska.se|bergska.skolan@finspang.se|FINSPÅNGS KOMMUN|Elisabet Rehn|Kommuner
Kommunal|2120000449|05|Östergötlands län|0580|Linköping|18585239|Birgittaskolans vuxenutbildning SFI|Klostergatan 49|58181|LINKÖPING|Klostergatan 49|58181|LINKÖPING|013-207800|http://www.linkoping.se/komvux|komvux@linkoping.se|LINKÖPINGS KOMMUN|Ola Nilsson|Kommuner
Kommunal|2120000449|05|Östergötlands län|0580|Linköping|86784996|Jobb- och kunskapstorget|Linköpings kommun|58181|LINKÖPING|Nygatan 19|58219|LINKÖPING|013-205631|http://www.linkoping.se/kunskapstorget|kunskapstorget@linkoping.se|LINKÖPINGS KOMMUN|Vivica Ekedal|Kommuner
Kommunal|2120000456|05|Östergötlands län|0581|Norrköping|99338559|Komvux SFI, S:t Olofskolan 3|Skolgatan 7|60225|NO|Skolgatan 7|60225|NORRKÖPING|011-153378|http://www.komvux.norrkoping.se|komvux@norrkoping.se|NORRKÖPINGS KOMMUN|Pia Wallin|Kommuner
Kommunal|2120000456|05|Östergötlands län|0581|Norrköping|25194219|Komvux SFI, S:t Olofsskolan 1|Skolgatan 7|60225|NORRKÖPING|Skolgatan 7|60225|NORRKÖPING|011-153378|http://www.komvux.norrkoping.se|komvux@norrkoping.se|NORRKÖPINGS KOMMUN|Anders Frick|Kommuner
Kommunal|2120000456|05|Östergötlands län|0581|Norrköping|43138347|Komvux SFI, S:t Olofsskolan 2|Skolgatan 7|60225|NORRKÖPING|Skolgatan 7|60354|NORRKÖPING|011-153378|http://www.komvux.norrkoping.se|komvux@norrkoping.se|NORRKÖPINGS KOMMUN|Margareta Nilsson|Kommuner
Enskild|8250002576|05|Östergötlands län|0581|Norrköping|59556404|Marieborgs folkhögskola SFI|Box 724|60116|NORRKÖPING|Box 724|60116|NORRKÖPING||http://www.marieborg.net|info@marieborg.net|MARIEBORGS FOLKHÖGSKOLA. FÖRENING|Jerry Wiklund|Ideella föreningar
Kommunal|2120002817|05|Östergötlands län|0583|Motala|41025342|Vuxenutbildningen SFI|Box 955|59129|MOTALA|Smålandsgatan 2|59160|MOTALA|0141-225997|http://www.motala.se|vuxenutbildning@motala.se|MOTALA KOMMUN|Nicklas Helander|Kommuner
Kommunal|2120000480|05|Östergötlands län|0586|Mjölby|13706881|Mjölby gymnasium, vuxenutbildningen|Mjölby kommun|59580|MJÖLBY|Industrigatan 7|59693|MJÖLBY|0142-85345|http://www.mjolby.se/vux|infovux@mjolby.se|MJÖLBY KOMMUN|Karolina Hoff|Kommuner
Kommunal|2120000498|06|Jönköpings län|0604|Aneby|84781774|SFI|Box 53|57822|ANEBY|Skogsgatan 22|57832|ANEBY|0380-46100|http://www.aneby.se|ks@aneby.se|ANEBY KOMMUN|Benita Andersson|Kommuner
Kommunal|2120000506|06|Jönköpings län|0617|Gnosjö|82725092|Gnosjöandans kunskapsc. SFI|Fritidsvägen 4|33532|GNOSJÖ|Fritidsvägen 4|33532|GNOSJÖ|0370-331400|http://www.gkc.se|info@gkc.se|GNOSJÖ KOMMUN|Sven-Åke Falkeby|Kommuner
Kommunal|2120000514|06|Jönköpings län|0662|Gislaved|18509613|Gislaveds gymnasium/SFI|Gislegatan 1|33233|GISLAVED|Gislegatan 5|33233|GISLAVED|0371-81900|http://gisgym.gislaved.se|gislaveds.gymnasium@edu.gislaved.se|GISLAVEDS KOMMUN|Roland Andersson|Kommuner
Kommunal|2120000522|06|Jönköpings län|0665|Vaggeryd|27559580|Fenix kunskapscentrum/SFI|Box 180|56724|VAGGERYD|Verner Malmstens väg 1|56732|VAGGERYD|0393-678713|http://www.fenixkunskapscentrum.se|fenix@vaggeryd.se|VAGGERYDS KOMMUN|Kerstin Elfgaard-Boberg|Kommuner
Kommunal|2120000530|06|Jönköpings län|0680|Jönköping|97232735|SFI/Grundläggande vuxenutbildning|Kyrkogatan 1|55316|JÖNKÖPING|Kyrkogatan 1|55316|JÖNKÖPING|036-107061|http://www.jonkoping.se/vuxenutbildning|susanne.kristensson@jonkoping.se|JÖNKÖPINGS KOMMUN|Susanne Kristensson|Kommuner
Kommunal|2120000548|06|Jönköpings län|0682|Nässjö|35921642|MiROi I-learning AB|Nässjö kommun|57180|NÄSSJÖ|Framtidsvägen 1|57138|NÄSSJÖ|0380-517270|http://www.nlc.nassjo.se|larcenter@nassjo.se|NÄSSJÖ KOMMUN|Helen Tarenius|Kommuner
Kommunal|2120000548|06|Jönköpings län|0682|Nässjö|11284565|Nässjö lärcenter SFI|Nässjö kommun|57180|NÄSSJÖ|Framtidsvägen 1|57161|NÄSSJÖ|0380-517270|http://www.nlc.nassjo.se|larcenter@nassjo.se|NÄSSJÖ KOMMUN|Helen Tarenius|Kommuner
Kommunal|2120000555|06|Jönköpings län|0683|Värnamo|26825208|Komvux SFI|Västra skolan, Boagatan 2|33183|VÄRNAMO|Västra skolan, Boagatan 2|33130|VÄRNAMO|0370-377050|http://www.varnamo.se/utbildningbarnomsorg|Barn-och-utbildning@varnamo.se|VÄRNAMO KOMMUN|Inga-Lill E. Svanholm|Kommuner
Landsting|2321000057|06|Jönköpings län|0683|Värnamo|30375542|Värnamo Folkhögskola|Västhorjavägen 9|33135|VÄRNAMO|Västhorjavägen 9|33135|VÄRNAMO|||erik.engsbraten@rjl.se|JÖNKÖPINGS LÄNS LANDSTING|Erik Engsbråten|Landsting
Kommunal|2120000563|06|Jönköpings län|0684|Sävsjö|91429813|Aleholm, SFI||57680|SÄVSJÖ|Hjärtlandavägen 9|57633|SÄVSJÖ|0382-15391|http://www.savsjo.se|aleholm@savsjo.se|SÄVSJÖ KOMMUN|Johnas Stranne|Kommuner
Kommunal|2120000571|06|Jönköpings län|0685|Vetlanda|93499143|Vetlanda Lärcentrum SFI|Kyrkogatan 54 A|57431|VETLANDA|Kyrkogatan 54 A|57431|VETLANDA|0383-97100|http://www.vetlandalarcentrum.se|vetlanda.larcentrum@vetlanda.se|VETLANDA KOMMUN|JennyMee Le Hir|Kommuner
Kommunal|2120000589|06|Jönköpings län|0686|Eksjö|75734238|EksjöVux, SFI||57580|EKSJÖ|Kaserngatan 16|57535|EKSJÖ|0381-36365|http://www.eksjovux.se|vux@eksjo.se|EKSJÖ KOMMUN|Christian Thomsen|Kommuner
Kommunal|2120000597|06|Jönköpings län|0687|Tranås|21138704|VUX Tranås, SFI|Trehörnavägen 2|57341|TRANÅS|Trehörnavägen 2|57341|TRANÅS|0140-68469|http://www.ho.tranas.se/vvux|barnutbildning@tranas.se|TRANÅS KOMMUN|Gun-Inger Andersson|Kommuner
Kommunal|2120000605|07|Kronobergs län|0760|Uppvidinge|65268558|Vuxenutbildning, SFI|Box 127|36421|ÅSEDA|Floragatan 2|36431|ÅSEDA|0474-47249|http://www.uppvidinge.se/|therese.dahl@uppvidinge.se|UPPVIDINGE KOMMUN|Magnus Andersson|Kommuner
Kommunal|2120000613|07|Kronobergs län|0761|Lessebo|25275086|SFI|Box 13|36050|LESSEBO|Storgatan 73|36050|LESSEBO|0478-12658|http://www.lessebo.se|komvux@lessebo.se|LESSEBO KOMMUN|Anette Weidenmark|Kommuner
Kommunal|2120000621|07|Kronobergs län|0763|Tingsryd|35106380|Tingsryds Lärcenter, SFI|Box 42|36221|TINGSRYD|Linnerydsvägen 8|36231|TINGSRYD|0477-44467|http://www.larcenter.tingsryd.se/|larcenter@tingsryd.se|TINGSRYDS KOMMUN|Anna Isaksson|Kommuner
Kommunal|2120000639|07|Kronobergs län|0764|Alvesta|24580947|Allbo lärcenter, SFI||34280|ALVESTA|Hjärtenholm 6|34230|ALVESTA|0472-15338|http://www.alvesta.se|gy@alvesta.se|ALVESTA KOMMUN|Daniel Söderberg|Kommuner
Kommunal|2120000647|07|Kronobergs län|0765|Älmhult|13975760|Haganässkolan vuxenutbildning-SFI|Box 501|34323|ÄLMHULT|Östra Esplanaden|34323|ÄLMHULT|0476-55222|http://www.almhult.se|utbildning@almhult.se|ÄLMHULTS KOMMUN|Krister Dagneryd|Kommuner
Kommunal|2120000654|07|Kronobergs län|0767|Markaryd|47461767|Kunskapscentrum SFI|Järnvägsgatan 28|28537|MARKARYD|Järnvägsgatan 28|28537|MARKARYD|0433-72208|http://www.kcm.se|kcm@markaryd.se|MARKARYDS KOMMUN|Anders Andersson|Kommuner
Kommunal|2120000662|07|Kronobergs län|0780|Växjö|90736086|Vuxnas Lär Arb/Välfärd SFI|Box 1222|35112|VÄXJÖ|Västergatan 17 B|36334|VÄXJÖ|0470-41949|http://www.vaxjo.se/vuxenutbildning|vuxnas.larande@vaxjo.se|VÄXJÖ KOMMUN|Elisabeth Wernerson Johnson|Kommuner
Kommunal|2120000670|07|Kronobergs län|0781|Ljungby|42218499|Vuxenutbildningen/SFI|Axel Roothsgatan 13|34141|LJUNGBY|Axel Roothsgatan 13|34151|LJUNGBY|0372-784064|http://www.sunnerbogymnasie.se|sunnerbogymnasiet@skola.ljungby.se|LJUNGBY KOMMUN|Jacob Wide|Kommuner
Kommunal|2120000688|08|Kalmar län|0821|Högsby|61811703|Högsby utbildningscenter, SFI|Ringvägen 5|57933|HÖGSBY|Ringvägen 5|57933|HÖGSBY|0491-29350|http://www.hogsby.se|annki.schon@hogsby.se|HÖGSBY KOMMUN|Christina Henriksson|Kommuner
Kommunal|8324016453|08|Kalmar län|0834|Torsås|88283463|Mjölnergymnasiet SFI|Box 503|38525|TORSÅS|Lunnagatan 8|38531|TORSÅS|0486-33343|http://www.gyf.se/stage4you/|martina.leander@ksgyf.se|KALMARSUNDS GYMNASIEFÖRBUND|Karin Hovmark|Kommunalförbund
Kommunal|2120000704|08|Kalmar län|0840|Mörbylånga|24383892|Mörbylånga vuxenskola|Esplanaden 29|38650|MÖRBYLÅNGA|Esplanaden 29|38650|MÖRBYLÅNGA|0485-47702|http://www.morbylanga.se|olof.engblom@morbylanga.se|MÖRBYLÅNGA KOMMUN|Olof Engblom|Kommuner
Landsting|2321000073|08|Kalmar län|0840|Mörbylånga|86646890|Ölands Folkhögskola|Skogsby 144|38693|FÄRJESTADEN|Skogsby 144|38693|FÄRJESTADEN|0485-564400|http://www.olandsfolkhogskola.se|olands.folkhogskola@folkbildning.net|KALMAR LÄNS LANDSTING|Åke Holm|Landsting
Kommunal|2120000712|08|Kalmar län|0860|Hultsfred|77689870|Hultsfreds vuxenutbildning|Transportgatan 2|57739|HULTSFRED|Transportgatan 2|57739|HULTSFRED|0495-240094|http://www.hultsfred.se|vuxenutbildningen@hultsfred.se|HULTSFREDS KOMMUN|Aina Kalle|Kommuner
Kommunal|2120000720|08|Kalmar län|0861|Mönsterås|29339296|Komvux Mönsterås, SFI|Box 33|38321|MÖNSTERÅS|Torggatan 15|38331|MÖNSTERÅS|0499-17500|http://www.monsterasgymnasiet.se/komvux|bengt.arnrud@monsteras.se|MÖNSTERÅS KOMMUN|Bengt Arnrud|Kommuner
Kommunal|2120000738|08|Kalmar län|0862|Emmaboda|13658508|SFI|Box 100                       36122|36122|EMMABODA|Konsulgatan 16|36130|EMMABODA|0471-249301|http://www.emmaboda.se/vuxenutbildning|bildning@emmaboda.se|EMMABODA KOMMUN|Ulf Nilsson|Kommuner
Kommunal|8324016453|08|Kalmar län|0880|Kalmar|21289359|Axel Weüdelskolan 1|Norra Vägen 47|39234|KALMAR|Norra Vägen 47|39234|KALMAR|0480-451800|http://www.gyf.se/komvux/|komvux@gyf.se|KALMARSUNDS GYMNASIEFÖRBUND|Karin Hovmark|Kommunalförbund
Kommunal|2120000753|08|Kalmar län|0881|Nybro|70029072|Nybro vuxenutbildning, SFI|Nybro kommun|38280|NYBRO|Långgatan 13|38241|NYBRO|0481-45565|http://www.nybrovuxenutbildning.se|Ingrid.Alriksson@nybro.se|NYBRO KOMMUN|Birgitta Carlsson|Kommuner
Kommunal|2120000761|08|Kalmar län|0882|Oskarshamn|31232060|Oscarsgymnasiet C/komvux|Box 708|57228|OSKARSHAMN|Stengatan 21|57231|OSKARSHAMN|0491-88590|http://www.oskarshamn.se|oscarsgymnasiet.kansli@oskarshamn.se|OSKARSHAMNS KOMMUN|Richard Berkeby|Kommuner
Kommunal|2120000761|08|Kalmar län|0882|Oskarshamn|19619412|Oscarsgymnasiet C/SFI|Box 708|57228|OSKARSHAMN|Stengatan 21|57231|OSKARSHAMN|0491-88590|http://www.oskarshamn.se|oscarsgymnasiet.kansli@oskarshamn.se|OSKARSHAMNS KOMMUN|Richard Berkeby|Kommuner
Kommunal|2120000779|08|Kalmar län|0883|Västervik|42697793|Vuxenutbildningen, SFI|Karstorpsv 17|59380|VÄSTERVIK|Tjustskolan, Karstorpsvägen 17|59332|VÄSTERVIK|0490-254232|http://www.vastervik.se|komvux@vastervik.se|VÄSTERVIKS KOMMUN|Emma Sohlman|Kommuner
Kommunal|2120000787|08|Kalmar län|0884|Vimmerby|17208869|Vimmerby Lärcenter, SFI|Vimmerby kommun|59881|VIMMERBY|Lögstadsgatan 5|59839|VIMMERBY|0492-769404|http://www.vimmerby.se/larcenter|larcenter@vimmerby.se|VIMMERBY KOMMUN|Sara Olsson|Kommuner
Kommunal|8324016453|08|Kalmar län|0885|Borgholm|23003380|Ölands gymnasium, SFI|Box 500|38701|BORGHOLM|Åkerhagsvägen 4|38733|BORGHOLM|0485-88420|http://www.gyf.se/olandsgymnasium|olandsgymnasium@gyf.se|KALMARSUNDS GYMNASIEFÖRBUND|Christina Larsson|Kommunalförbund
Kommunal|2120000803|09|Gotlands län|0980|Gotland|55782927|Kompetenscentrum Gotland, SFI|Gesällgatan 7|62181|VISBY|Gesällgatan 7|62142|VISBY|0498-269550|http://www.komvux.gotland.se/sfi/|registrator-bun@gotland.se|GOTLANDS KOMMUN|Bo Kristiansson|Kommuner
Kommunal|2120000811|10|Blekinge län|1060|Olofström|90907481|Komvux, SFI|Box 304|29324|OLOFSTRÖM|Vällaregatan 30|29338|OLOFSTRÖM|0454-93512|http://www.olofstrom.se|komvux@olofstrom.se|OLOFSTRÖMS KOMMUN|Agneta Jönsson|Kommuner
Kommunal|2120000829|10|Blekinge län|1080|Karlskrona|85050087|Vuxenutbildningen SFI|N Kungsgatan 24|37133|KARLSKRONA|N Kungsgatan 24|37133|KARLSKRONA|0455-304194|http://www.karlskrona.se/vuxenutbildningen|vuxenutbildningen@karlskrona.se|KARLSKRONA KOMMUN|Gunilla Bergman|Kommuner
Kommunal|2120000837|10|Blekinge län|1081|Ronneby|37878823|Vuxenutbildningen, SFI|Fridhemsvägen 8|37225|RONNEBY|SoftCenter |37225|RONNEBY|0457-617418|http://www.ronneby.se/vux|komvux@ronneby.se|RONNEBY KOMMUN|Johanna Månsson|Kommuner
Kommunal|2120000845|10|Blekinge län|1082|Karlshamn|90147683|Vuxenutbildning|Vägga gymnasieskola|37481|KARLSHAMN|Väggaskolan, Väggavägen 2|37434|KARLSHAMN|0454-81560|http://www.karlshamn.se/vux|vagga.vux@utb.karlshamn.se|KARLSHAMNS KOMMUN|Maria Olsson Aasen|Kommuner
Kommunal|2120000993|12|Skåne län|1214|Svalöv|68537546|Svalövs gymnasium, SFI|Box 113|26822|SVALÖV|Rönnebergsvägen 8|26834|SVALÖV|0418-666100|http://www.svalov.se|info@svalof.se|SVALÖVS KOMMUN|Lena Hansson|Kommuner
Enskild|8460001822|12|Skåne län|1230|Staffanstorp|53855174|Folkhögskolan Hvilan SFI|Box 23|23202|ÅKARP|Lundavägen 23|23252|ÅKARP|040-464400|http://hvilan.se|info@hvilan.se|GARANTIFÖRENINGEN FÖR FOLKHÖGSKOLAN HVILAN|Finn Malmgren|Ideella föreningar
Enskild|5566066980|12|Skåne län|1230|Staffanstorp|34222422|Hvilan Utbildning|Kabbarpsvägen 126|23252|ÅKARP|Kabbarpsvägen 126|23252|ÅKARP|040-463700|http://www.hvilanutbildning.se|info@hvilanutbildning.se|Hvilan Utbildning AB|Jimmy Sjöstedt|Aktiebolag utom bank- och försäkringsaktiebolag
Kommunal|2120001025|12|Skåne län|1231|Burlöv|66054000|Komvux, SFI|Box 43|23221|ARLÖV|Lundavägen 26|23234|ARLÖV|040-6256537|http://www.burlov.se|komvux@burlov.se|BURLÖVS KOMMUN|Lena Andersson|Kommuner
Kommunal|2120001033|12|Skåne län|1233|Vellinge|67209078|Vellinge Lärcenter SFI|Box 23|23521|VELLINGE|Norrevångsgatan 1|23536|VELLINGE|040-425602|http://www.vellinge.se|info@sundsgymnasiet.se|VELLINGE KOMMUN|Jonas Frankell|Kommuner
Enskild|7164069812|12|Skåne län|1233|Vellinge|59923254|Östra Grevie folkhögskola|Gamla Landsvägen 39|23599|VELLINGE|Gamla Landsvägen 39|23599|VELLINGE|040-556200|http://www.ostragreviefolkhogskola.com|info@ostragreviefolkhogskola.com|ÖSTRA GREVIE FOLKHÖGSKOLEFÖR UPA|Susanne Andersson|Ekonomiska föreningar utom bostadsrättsföreningar
Enskild|8382005950|12|Skåne län|1256|Östra Göinge|38247057|Glimåkra folkhögskola SFI|Box 115|28064|GLIMÅKRA|Box 115|28064|GLIMÅKRA|044-44800|http://www.glimnet.se|info@glimnet.se|FÖRENINGEN GLIMÅKRA FOLKHÖGSKOLA|Johnny Hansson|Ideella föreningar
Kommunal|2120000860|12|Skåne län|1256|Östra Göinge|38841563|Göinge utbildningscenter, SFI|Storgatan 4|28060|BROBY|Källgatan 12|28972|SIBBHULT|044-7756406|http://www.guc.nu|guc@ostragoinge.se|ÖSTRA GÖINGE KOMMUN|Therese Lindecrantz|Kommuner
Kommunal|2120000878|12|Skåne län|1257|Örkelljunga|82082984|Örkelljunga Utb.centrum SFI|Box 114|28622|ÖRKELLJUNGA|Kungsvägen 7|28634|ÖRKELLJUNGA|0435-55210|http://www.orkelljunga.se/utbildningscentrum|utbildningscentrum@orkelljunga.se|ÖRKELLJUNGA KOMMUN|Kristian Lindgren|Kommuner
Kommunal|2120001041|12|Skåne län|1260|Bjuv|94171627|Futurum, SFI|Vintergatan 6|26731|BJUV|Vintergatan 6|26731|BJUV|042-4585335|http://www.bjuv.se|futurum@bjuv.se|BJUVS KOMMUN|Ulrik Bergendorff|Kommuner
Kommunal|2120001058|12|Skåne län|1261|Kävlinge|97284851|Kävlinge Lärcentrum SFI|Unionsgatan 8|24480|KÄVLINGE|Unionsgatan 8|24430|KÄVLINGE|046-739200|http://www.kavlinge.se|larcentrum@kavlinge.se|KÄVLINGE KOMMUN|Gunilla Peterson|Kommuner
Kommunal|2120001074|12|Skåne län|1263|Svedala|50657064|Nils Fredriksson-utb., SFI|Svedala kommun|23380|SVEDALA|Börringevägen 10|23333|SVEDALA|040-408135|http://www.nilsfredrik.nu|lena.johansson@svedala.se|SVEDALA KOMMUN|Fredrik Aksell|Kommuner
Kommunal|2120001082|12|Skåne län|1264|Skurup|90076880|Vuxenutb. i Skurup, SFI|NHG, Vuxenutbildning Expedition|27480|SKURUP|Skivarpsvägen|27480|SKURUP|0411-536342|http://www.skurup.se/|kansli@skurup.se|SKURUPS KOMMUN|Eva Le Grand|Kommuner
Kommunal|2120001090|12|Skåne län|1265|Sjöbo|78323805|Komvux Sjöbo, SFI|Familjeförvaltn. Sjöbo kommun|27580|SJÖBO|Verkstadsgatan 2|27539|SJÖBO|0416-27021|http://www.sjobo.se|komvux@sjobo.se|SJÖBO KOMMUN|Kristina Pettersson|Kommuner
Kommunal|2120001108|12|Skåne län|1266|Hörby|18473876|Hörby Lärcenter, SFI|Torggatan 15|24231|HÖRBY|Torggatan 15|24231|HÖRBY|0415-378406|http://www.horby.se/|angelique.nicander.astrom@horby.se|HÖRBY KOMMUN|Lisbeth Evesson|Kommuner
Enskild|8388009360|12|Skåne län|1270|Tomelilla|19110037|Österlens folkhögskola SFI|Box 13|27321|TOMELILLA|Malmövägen 41|27335|TOMELILLA|0417-28000|http://www.osterlen.fhsk.se|kansli@osterlen.fhsk.se|FÖRENINGEN ÖSTERLENS FOLKHÖGSKOLA|Åke Larsson|Ideella föreningar
Kommunal|2220001222|12|Skåne län|1272|Bromölla|63305340|Vuxenutb., Tunnbysk., SFI|Storgatan 69 A|29535|BROMÖLLA|Storgatan 69 A|29535|BROMÖLLA|0456-822750|http://www.sbkf.se/vux|vuxenutbildningen@sbkf.se|Sölvesborgs-Bromöllas Kommunalförbund|Jim Thorstensson|Kommunalförbund
Kommunal|2120000902|12|Skåne län|1273|Osby|18448015|Ekbackeskolan, SFI|Ekbackeskolan|28380|OSBY|Västra Storgatan 15|28331|OSBY|0479-528530|http://www.ekbackeskolan.nu|ekbackeskolan@osby.se|OSBY KOMMUN|Klas Lundström|Kommuner
Kommunal|2120000910|12|Skåne län|1275|Perstorp|77259307|A Lundkvist utb.centrum/SFI|Perstorps kommun|28485|PERSTORP|Oderljungavägen 20|28433|PERSTORP|0435-39263|http://www.perstorp.se|bun@perstorp.se|PERSTORPS KOMMUN|Mathias Jostvik|Kommuner
Kommunal|2120000928|12|Skåne län|1276|Klippan|70833947|Vuxenutbildningen SFI||26480|KLIPPAN|Storgatan 9|26435|KLIPPAN|0435-28356|http://www.klippan.se/vuxenutbildningen|komvux@klippan.se|KLIPPANS KOMMUN|Matts Skoog|Kommuner
Kommunal|2120000936|12|Skåne län|1277|Åstorp|47521337|Vuxenutbildningscentrum, SFI|Jitegatan 1|26538|ÅSTORP|Jitegatan 1|26538|ÅSTORP|042-64141|http://www.astorp.se|michael.svensson@astorp.se|ÅSTORPS KOMMUN|Pål Olsson|Kommuner
Kommunal|2120000944|12|Skåne län|1278|Båstad|23056504|Akademi Båstad Vuxenutb SFI|Box 1135|26922|BÅSTAD|Lyckan 7|26931|BÅSTAD|0431-77200|http://www.akademi.bastad.se|info@akademi.bastad.se|BÅSTAD KOMMUN|Mikael Jakobsson|Kommuner
Kommunal|2120001124|12|Skåne län|1280|Malmö|10138956|Alpha CE SFI|Tuborgsgatan 2|21741|MALMÖ|Tuborgsgatan 2|21741|MALMÖ|076-1150444|http://alphace.se|gabriella.pifrader@alphace.se|MALMÖ KOMMUN|Upphandlad|Kommuner
Kommunal|2120001124|12|Skåne län|1280|Malmö|86721450|Hermods AB SFI|Friisgatan 17|21421|MALMÖ|Friisgatan 17|21421|MALMÖ|040-6416321|http://www.hermods.se|info@hermods.se|MALMÖ KOMMUN|Madeleine Fils|Kommuner
Enskild|8460032835|12|Skåne län|1280|Malmö|74359436|Hyllie Park folkhögskola SFI|Elinelundsvägen 55 F|21623|MALMÖ|Elinelundsvägen 55 F|21623|MALMÖ|040-375960|http://www.hyllieparkfolkhogskola.se|folkhogskola@hylliepark.se|HYLLIE PARK FOLKHÖGSKOLA|Elisabet Mörnerud|Ideella föreningar
Kommunal|2120001124|12|Skåne län|1280|Malmö|96615337|Iris Hadar AB, SFI|Hjulhamnsgatan 3B|21134|MALMÖ|Hjulhamnsgatan 3B|21134|MALMÖ|040-6303584|http://www.irishadar.se|Gabriella.Jimenez@iris.se|MALMÖ KOMMUN|Upphandlad|Kommuner
Kommunal|2120001124|12|Skåne län|1280|Malmö|36636597|Komvux Malmö Centrum SFI Ro1|Spårvägsgatan 9|21427|MALMÖ|Spårvägsgatan 9|21427|MALMÖ|040-342972|http://www.malmo.se|sosfiexpedition@malmo.se|MALMÖ KOMMUN|Fredrik Ohlsson|Kommuner
Kommunal|2120001124|12|Skåne län|1280|Malmö|38820752|Komvux Malmö Södervärn Ro 3 SFI IRIS|Spårvägsgatan 9|21427|MALMÖ|Spårvägsgatan 9|21427|MALMÖ|040-343295|http://www.malmo.se|kms@malmo.se|MALMÖ KOMMUN|Janet Nordqvist|Kommuner
Kommunal|2120001124|12|Skåne län|1280|Malmö|44869035|Komvux Malmö Södervärn SFI Ro1|Spårvägsgatan 9|21427|MALMÖ|Spårvägsgatan 9|21427|MALMÖ|040-343295|http://www.malmo.se|kms@malmo.se|MALMÖ KOMMUN|Andreas Eriksson|Kommuner
Kommunal|2120001124|12|Skåne län|1280|Malmö|68774631|Komvux Malmö Södervärn SFI Ro2|Spårvägsgatan 9|21427|MALMÖ|Spårvägsgatan 9|21427|MALMÖ|040-343295|http://www.malmo.se/komvuxsr|kms@malmo.se|MALMÖ KOMMUN|Josephine Herslow|Kommuner
Kommunal|2120001124|12|Skåne län|1280|Malmö|59302625|Komvux Malmö Södervärn SFI Ro3|Spårvägsgatan 9|21427|MALMÖ|Spårvägsgatan 9|21427|MALMÖ|040-343295|http://www.malmo.se|kms@malmo.se|MALMÖ KOMMUN|Yerk Liveröd|Kommuner
Kommunal|2120001124|12|Skåne län|1280|Malmö|61716971|Komvux Malmö Södervärn SFI Ro4|Spårvägsgatan 9|21427|MALMÖ|Spårvägsgatan 9|21427|MALMÖ|040-343295|http://www.malmo.se/komvuxsr|kms@malmo.se|MALMÖ KOMMUN|Andreas Eriksson|Kommuner
Kommunal|2120001124|12|Skåne län|1280|Malmö|23605557|Komvux Malmö Södervärn SFI Ro5|Spårvägsgatan 9|21427|MALMÖ|Spårvägsgatan 9|21427|MALMÖ|040-343295|http://www.malmo.se/komvuxsr|kms@malmo.se|MALMÖ KOMMUN|Janet Nordqvist|Kommuner
Enskild|7696025944|12|Skåne län|1280|Malmö|77498339|Kvarnby Folkhögskola SFI|Kvarnbyvägen 68|21236|MALMÖ|Industrigatan 4|21214|MALMÖ|040-599490|http://www.kvarnby.fhsk.se|info@kvarnby.fhsk.se|KVARNBY FOLKHÖGSKOLAS EKONOMISKA FÖRENING|Henning Süssner Rubin|Ekonomiska föreningar utom bostadsrättsföreningar
Kommunal|2120001124|12|Skåne län|1280|Malmö|23850408|MiRoi SFI|Baltzargatan 31|21136|MALMÖ|Baltzargatan 31|21136|MALMÖ|0771-561561|http://www.miroi.se|vux@miroi.se|MALMÖ KOMMUN|Upphandlad|Kommuner
Kommunal|2120001132|12|Skåne län|1281|Lund|58246453|Komvux, SFI|Glimmervägen 12|22478|LUND|Glimmervägen 12|22651|LUND|046-357100|http://www.lund.se/Vuxenutbildning-Lund|Vuxenutbildningen@lund.se|LUNDS KOMMUN|Claes Åberg|Kommuner
Enskild|8440011586|12|Skåne län|1282|Landskrona|70125106|Albins folkhögskola|Eriksgatan 108|26133|LANDSKRONA|Eriksgatan 108|26133|LANDSKRONA|0418-14619|http://www.albins.nu|info@albins.nu|ALBINS FOLKHÖGSKOLA|Krister G Ramström|Ideella föreningar
Kommunal|2120001140|12|Skåne län|1282|Landskrona|30485839|SFI|Emaljgatan 11|26143|LANDSKRONA|Emaljgatan 11|26143|LANDSKRONA|0418-470550|http://www.landskrona.se|sfi@landskrona.se|LANDSKRONA KOMMUN|Thora Skuladottir|Kommuner
Kommunal|2120001157|12|Skåne län|1283|Helsingborg|83532691|Vuxenutbildning Helsingborg externa anordnare|Järnvägsgatan 35|25225|HELSINGBORG|Järnvägsgatan 35|25225|HELSINGBORG|042-107342|http://helsingborg.se|pernilla.lindwall@helsingborg.se|HELSINGBORGS KOMMUN|Katharina Björkman|Kommuner
Kommunal|2120001157|12|Skåne län|1283|Helsingborg|27493462|Vuxenutbildningen Komvux Kärnan|Magistergatan 2|25227|HELSINGBORG|Magistergatan 2|25227|HELSINGBORG|042-104650|http://helsingborg.se|pernilla.lindwall@helsingborg.se|HELSINGBORGS KOMMUN|Claes Calmram|Kommuner
Kommunal|2120001165|12|Skåne län|1284|Höganäs|20255850|Kunskapsforum/SFI|Långarödsvägen 30|26334|HÖGANÄS|Långarödsvägen 30|26334|HÖGANÄS|042-337828|http://www.academedia.se|Ameli.krantz@eductus.se|HÖGANÄS KOMMUN|Ingemar Hertting|Kommuner
Enskild|8420002746|12|Skåne län|1285|Eslöv|38520375|Eslövs folkhögskola SFI|Sturegatan 14|24131|ESLÖV|Sturegatan 14|24131|ESLÖV|||u.gleisner@eslovsfhsk.se|ESLÖVS FOLKHÖGSKOLA|Vakant|Ideella föreningar
Kommunal|2120001173|12|Skåne län|1285|Eslöv|31397046|Vuxenutbildningen SFI|Eslövs kommun, vuxenutb.|24139|ESLÖV|Östergatan 15|24139|ESLÖV|0413-62312|http://www.eslov.se/vuxenutbildningen|vuxenutbildningen@eslov.se|ESLÖVS KOMMUN|Björn Åberg|Kommuner
Kommunal|2120001181|12|Skåne län|1286|Ystad|65334253|Forum Ystad SFI||27180|YSTAD|Björnstjernegatan 10 A-C|27139|YSTAD|0411-577476|http://www.ystad.se|info@forum-ystad.nu|YSTAD KOMMUN|Ronny Pålsson|Kommuner
Kommunal|2120001199|12|Skåne län|1287|Trelleborg|89057151|SFI Trelleborg|Box 1008|23125|TRELLEBORG|S:t Nicolaiplan|23143|TRELLEBORG|0410-7333661|http://www.trelleborg.se|bildningsforvaltningen@trelleborg.se|TRELLEBORGS KOMMUN|Bengt-Göran Persson|Kommuner
Kommunal|2120000951|12|Skåne län|1290|Kristianstad|10983605|SFI|Kristianstads kommun, Arbete och välfärdsförvaltningen|29180|KRISTIANSTAD|Norra åsum, Artillerivägen byggnad 25|29180|KRISTIANSTAD|044-136651|http://www.kristianstad.se/sfi|sfi@kristianstad.se|KRISTIANSTADS KOMMUN|Annika Persson|Kommuner
Kommunal|2120000977|12|Skåne län|1292|Ängelholm|15514098|SFI|Lärkgatan 6|26232|ÄNGELHOLM|Lärkgatan 6|26232|ÄNGELHOLM|0431-468670|http://www.komvux.engelholm.se|mathias.jostvik@engelholm.se|ÄNGELHOLMS KOMMUN|Jan Mårtensson|Kommuner
Kommunal|2120000985|12|Skåne län|1293|Hässleholm|21647699|T4-Vux Hässleholm SFI|Stallmästaregatan 6|28152|HÄSSLEHOLM|Stallmästaregatan 6|28152|HÄSSLEHOLM|0451-268001|http://www.t4vux.se|t4vux@hassleholm.se|HÄSSLEHOLMS KOMMUN|Jan-Ole Engkvist|Kommuner
Kommunal|2120001207|13|Hallands län|1315|Hylte|38538273|SFI|Hylte kommun|31480|HYLTEBRUK|Skolgatan 7|31431|HYLTEBRUK|0345-18145|http://www.hylte.se|larcentrum@hylte.se|HYLTE KOMMUN|Juha Rankinen|Kommuner
Kommunal|2120001215|13|Hallands län|1380|Halmstad|49276049|Kommunal vuxenutbildning 3|Kristian IV:s v. 1|30250|HALMSTAD|Kristian IV:s v. 1|30250|HALMSTAD|035-137000|https://www.halmstad.se/barnutbildning/utbildningforvuxna/kommunalvuxenutbildning.258.html|stefan.ottosson@halmstad.se|HALMSTADS KOMMUN|Stefan Ottosson|Kommuner
Kommunal|2120001215|13|Hallands län|1380|Halmstad|11714305|Vuxenutbildningen, SFI|Brogatan 1|30243|HALMSTAD|Engelbrektsg 36, O-huset|30252|HALMSTAD|035-137614|http://www.halmstad.se/forskolaskola/grundskola616ar/grundskolor.635.html|direkt@halmstad.se|HALMSTADS KOMMUN|Vakant|Kommuner
Kommunal|2120001223|13|Hallands län|1381|Laholm|10094962|Osbeck/SFI|Laholms Kommun|31280|LAHOLM|Skottegränd 3|31231|LAHOLM|0430-26514|http://www.laholm.se|ulf.bergstrom@laholm.se|LAHOLMS KOMMUN|Ulf Bergström|Kommuner
Kommunal|2120001231|13|Hallands län|1382|Falkenberg|12212783|SFI|Nyhems plan 2|31135|FALKENBERG|Arvidstorpsvägen 1|31135|FALKENBERG|0346-886000|https://www.falkenberg.se/1/skola--barnomsorg/vuxenutbildning.html|kompetenscentrum@falkenberg.se|FALKENBERGS KOMMUN|Dan Randelid|Kommuner
Kommunal|2120001249|13|Hallands län|1383|Varberg|56222291|Folkuniversitetet/SFI|Campus, Otto Torells gata 16|43244|VARBERG|Campus, Otto Torells gata 16|43244|VARBERG|0340-697424|http://www.varberg.se|ewa.riis@varberg.se|VARBERGS KOMMUN|Ewa Riis|Kommuner
Kommunal|2120001256|13|Hallands län|1384|Kungsbacka|11526413|Kompetenscentrum Vuxnas lärande/SFI|Södra Torggatan 16|43430|KUNGSBACKA|Södra Torggatan 16|43430|KUNGSBACKA|0300-834987|http://www.vuxenutbildning.kungsbacka.se|kompetenscentrum@kungsbacka.se|KUNGSBACKA KOMMUN|Frida Svärd|Kommuner
Kommunal|2120001264|14|Västra Götalands län|1401|Härryda|52992073|Vuxenutbildningen, SFI|Härryda kommun|43580|MÖLNLYCKE|Långenäsvägen 5|43535|MÖLNLYCKE|031-7246603|http://vux.hule.harryda.se|vuxenutbildningen@harryda.se|HÄRRYDA KOMMUN|Ingrid Källström|Kommuner
Kommunal|2120001272|14|Västra Götalands län|1402|Partille|37746724|SFI|Box 603|43328|PARTILLE|Gamla Kronvägen 56|43328|PARTILLE|031-7921800|http://www.partille.se|vuxenutbildningen@partille.se|PARTILLE KOMMUN|Nomi Madolo|Kommuner
Kommunal|2120001298|14|Västra Götalands län|1415|Stenungsund|54644442|Vuxenutbildningsenheten, SFI|Hasselbackevägen 76|44444|STENUNGSUND|Hasselbackevägen 76|44444|STENUNGSUND|0303-738650|http://www.stenungsund.se/vuxenutbildningen/sfi/|info@vux.stenungsund.se|STENUNGSUNDS KOMMUN|Jan Wennebrink|Kommuner
Kommunal|2120001314|14|Västra Götalands län|1421|Orust|91995366|Vux/Orust, SFI|Skolvägen 1|47332|HENÅN|Skolvägen 1|47332|HENÅN|0304-334221|http://www.orust.se|vendela.lekander@orust.se|ORUST KOMMUN|Susanne Hofling|Kommuner
Kommunal|2120001322|14|Västra Götalands län|1427|Sotenäs|11865698|Sotenäs Kompetenscentrum (Komvux-SFI)|Sotenäs Kompetenscentrum, Vuxenutbildningen|45631|KUNGSHAMN|Hagaberg Industrigata 1|45631|KUNGSHAMN|0523-664675|http://www.kompetenscentrum.nu|kompetenscentrum@sotenas.se|SOTENÄS KOMMUN|Per Svensson|Kommuner
Kommunal|2120001330|14|Västra Götalands län|1430|Munkedal|21208142|Kunskapens Hus, SFI|Box 23|45521|MUNKEDAL|Kustvägen 12|45561|DINGLE|0524-18162|http://www.munkedal.se/kunskapenshus|kunskapenshus@munkedal.se|MUNKEDALS KOMMUN|Henrik Oleskog|Kommuner
Kommunal|2120001348|14|Västra Götalands län|1435|Tanum|34018825|Komvux Tanum, SFI|Barn- och utbildningsförvalt.|45782|TANUMSHEDE|Granvägen 1|45796|TANUMSHEDE|0525-18220|http://www.tanum.se/|leif.buller@tanum.se|TANUMS KOMMUN| Leif Buller|Kommuner
Kommunal|2120001413|14|Västra Götalands län|1438|Dals-Ed|59612371|Komvux SFI Dals-Eds utv.center|Box 30|66821|ED|Viksgärdet 8|66831|ED|0534-19161|http://www.dalsed.se|jonas.mansson@utb.dalsed.se|DALS-EDS KOMMUN|Jonas Månsson|Kommuner
Kommunal|2120001421|14|Västra Götalands län|1439|Färgelanda|85514600|Vuxenutbildningen|Allhemsvägen 5|45880|FÄRGELANDA|Storebo, Folkhögskolevägen 2|45830|FÄRGELANDA|0528-567250|http://www.fargelanda.se|vuxenutbildningen@fargelanda.se|FÄRGELANDA KOMMUN|Ingvar Onsjö|Kommuner
Kommunal|2120001439|14|Västra Götalands län|1440|Ale|85804445|Lärcentrum komvux, SFI|Ale kommun|44980|ALAFORS|Vitklövergatan 1|44931|NÖDINGE|0303-330358|http://www.ale.se|ubn@ale.se|ALE KOMMUN|Monika Nilsson|Kommuner
Kommunal|2120001447|14|Västra Götalands län|1441|Lerum|12079745|SFI-skolan|Lerums kommun|44380|LERUM|Alingsåsvägen 9|44850|LERUM|0302-521739|http://www.lerum.se/vuxenutbildning|vuxenutbildning@lerum.se|LERUMS KOMMUN|Marie Egerstad|Kommuner
Kommunal|2120001454|14|Västra Götalands län|1442|Vårgårda|68987172|Komvux, SFI||44780|VÅRGÅRDA|Föreningsgatan 1|44731|VÅRGÅRDA|0322-600858|http://www.vargarda.se/|kristina.andersson@vargarda.se|VÅRGÅRDA KOMMUN|Ann-Charlotte Lilja|Kommuner
Kommunal|2120002916|14|Västra Götalands län|1445|Essunga|37677921|Nossebro Lärcenter|Essunga kommun Utbildningsförvaltningen|46582|NOSSEBRO|Södra vägen 9B|46531|NOSSEBRO|0510-70938|http://www.essunga.se|Lena.HolsendahlEriksson@essunga.se|ESSUNGA KOMMUN|Owe Brodin|Kommuner
Kommunal|2120001629|14|Västra Götalands län|1446|Karlsborg|55870331|Vuxenutbildningen i Karlsborg och Karlsborgs gymnasieskola|Storgatan 16|54682|KARLSBORG|Kungsgatan 16|54630|KARLSBORG|0505-17071|http://www.karlsborg.se/sv/Start/Container/Kontakter1/Barn--och-utbildningsforvaltningen/Vuxenutbildningen/|kommun@karlsborg.se|KARLSBORGS KOMMUN|Anna Dahlson|Kommuner
Kommunal|2120001637|14|Västra Götalands län|1447|Gullspång|76356633|Kunskapscentrum, SFI|Box 80|54822|HOVA|Allmänna vägen 103|54772|OTTERBÄCKEN|0551-36000|http://www.gullspang.se|komvux@gullspang.se|GULLSPÅNGS KOMMUN|Christina Leander|Kommuner
Kommunal|2120001462|14|Västra Götalands län|1452|Tranemo|43814639|Tranemo gymnasieskola, SFI|Brogatan 11|51433|TRANEMO|Medborgarplatsen 2|51433|TRANEMO|0325-576500|http://www.gymn.tranemo.se|gymnasiet@tranemo.se|TRANEMO KOMMUN|Marit Ekstener|Kommuner
Kommunal|2120001470|14|Västra Götalands län|1460|Bengtsfors|74375780|Vuxenutbildningen/SFI|Box 14|66621|BENGTSFORS|Brogatan 10|66630|BENGTSFORS|0531-526330|http://www.bengtsfors.se|vuxenutbildningen@bengtsfors.se|BENGTSFORS KOMMUN|Madeleine Hartman|Kommuner
Kommunal|2120001488|14|Västra Götalands län|1461|Mellerud|39061592|Vuxenutbildningen/SFI||46480|MELLERUD|Parkgatan 8|46430|MELLERUD|0530-18000|http://www.mellerud.se|madeleine.hartman@mellerud.se|MELLERUDS KOMMUN|Madeleine Hartman|Kommuner
Kommunal|2120001496|14|Västra Götalands län|1462|Lilla Edet|21873837|Arbetsmarknadsavd. SFI|Lilla Edets kommun|46380|LILLA EDET|Järnvägsgatan 12|46380|LILLA EDET|0520-659705|http://www.lillaedet.se|arbetsmarknadsavdelningen@lillaedet.se|LILLA EDETS KOMMUN|Ann-Christine Gustavsson|Kommuner
Kommunal|2120001504|14|Västra Götalands län|1463|Mark|55112937|Vuxenutbildningen i Mark|Varbergsvägen 6|51162|SKENE|Varbergsvägen 6|51162|SKENE|0320-217376|http://www.mark.se/invanare/barn-och-utbildning/vuxenutbildningen/c|vuxenutbildning@mark.se|MARKS KOMMUN|Inger Strömberg|Kommuner
Kommunal|2120001512|14|Västra Götalands län|1465|Svenljunga|59246649|SFI|Lärcentrum, Torggatan 9|51250|SVENLJUNGA|Torggatan 9|51250|SVENLJUNGA|0325-18223|http://www.svenljunga.se|barnutbildning@svenljunga.se|SVENLJUNGA KOMMUN|Bengtsson, Lars|Kommuner
Kommunal|2120001660|14|Västra Götalands län|1472|Tibro|84789385|Fågelviksgymnasiet, enhet 1 SFI|Gymnasiegatan 29|54332|TIBRO|Gymnasiegatan 29|54332|TIBRO|0504-18220|http://www.tibro.se|gymnasiet@tibro.se|TIBRO KOMMUN|Ann-Helen Alexandersson|Kommuner
Kommunal|2120001678|14|Västra Götalands län|1473|Töreboda|16455233|Komvux, Kanalskolan|Box 83|54522|TÖREBODA|Drottninggatan 2|54530|TÖREBODA|0506-18091|http://www.kanalskolan.se|kanal.skolan@toreboda.se|TÖREBODA KOMMUN|Erland Gustafsson|Kommuner
Kommunal|2120001355|14|Västra Götalands län|1480|Göteborg|18317903|ABF/SFI|Odinsgatan 17, Odinsskolan|41103|GÖTEBORG|Odinsgatan 17|41103|GÖTEBORG|031-3332060|http://www.abfvux.se|maria.bjorck@abf.se|GÖTEBORGS KOMMUN|Vakant|Kommuner
Kommunal|2120001355|14|Västra Götalands län|1480|Göteborg|78189846|Academedia/Eductus, SFI|Falkenbergsgatan 3|41285|GÖTEBORG|Falkenbergsgatan 3|41285|GÖTEBORG|031-105201|http://www.eductus.se|therese.gustavsson@eductus.se|GÖTEBORGS KOMMUN|Vakant|Kommuner
Kommunal|2120001355|14|Västra Götalands län|1480|Göteborg|73135627|Cuben Utbildning AB/SFI|Regnbågsgatan 7|41755|GÖTEBORG|Regnbågsgatan 7|41755|GÖTEBORG|031-3896200|http://www.cubenutbildning.se|vux@cubenutbildning.se|GÖTEBORGS KOMMUN|Vakant|Kommuner
Kommunal|2120001355|14|Västra Götalands län|1480|Göteborg|39680932|Finska folkhögsk Göteborg SFI|Salviagatan 54|42440|ANGERED|Salviagatan 54|42658|ANGERED|031-3315066|http://www.finska.fhsk.se|info@finska.fhsk.se|GÖTEBORGS KOMMUN|Vakant|Kommuner
Kommunal|2120001355|14|Västra Götalands län|1480|Göteborg|90579579|Folkhögskolan Angered/SFI|Box 2107|42402|ANGERED|Box 2107|41301|ANGERED|031-483444||fhsk.ang@folkbildning.net|GÖTEBORGS KOMMUN|Vakant|Kommuner
Kommunal|2120001355|14|Västra Götalands län|1480|Göteborg|38372572|Folkuniversitetet/SFI|Polstjärnegatan 4 D|41756|GÖTEBORG|Polstjärnegatan 4 D|41756|GÖTEBORG|031-106500|http://www.folkuniversitetet.se/goteborg|vux.gbg@folkuniversitetet.se|GÖTEBORGS KOMMUN|Vakant|Kommuner
Kommunal|2120001355|14|Västra Götalands län|1480|Göteborg|14814372|Gbgs Tekn College ,GTC, SFI|Box 8090|40278|GÖTEBORG|Diagonalen 6|42655|GÖTEBORG|031-7603411|http://www.goteborgstekniskacollege.se|asa.blidby@gtc.com|GÖTEBORGS KOMMUN|Vakant|Kommuner
Kommunal|2120001355|14|Västra Götalands län|1480|Göteborg|58420194|Göteborgs folkhögskola SFI|Örlogsvägen 22|42671|VÄSTRA FRÖLUNDA|Örlogsvägen 22|42671|VÄSTRA FRÖLUNDA|031-7697600|http://www.gbg.fhsk.se|berit.roman@vgregion.se|GÖTEBORGS KOMMUN|Vakant|Kommuner
Kommunal|2120001355|14|Västra Götalands län|1480|Göteborg|93061796|Hermods AB/SFI|Mölndalsvägen 77|41263|GÖTEBORG|Mölndalsvägen 77|41263|GÖTEBORG|031-7607380|http://www.liberhermods.se|info@hermods.se|GÖTEBORGS KOMMUN|Vakant|Kommuner
Kommunal|2120001355|14|Västra Götalands län|1480|Göteborg|25882282|Hjälmareds folkhögskola|Byfogdegatan 6 C|41505|GÖTEBORG|Byfogdegatan 6 C|41505|GÖTEBORG|0706-141505|http://www.samjobb.se|sfi@samjobb.se|GÖTEBORGS KOMMUN|Lisbeth Alm|Kommuner
Landsting|2321000131|14|Västra Götalands län|1480|Göteborg|28952553|Interkulturella folkhögskolan|Galileis gata 34|41517|GÖTEBORG|Galileis gata 34|41517|GÖTEBORG|031-3304425||johan@interkulturella.se|VÄSTRA GÖTALANDS LÄNS LANDSTING|Vakant|Landsting
Kommunal|2120001355|14|Västra Götalands län|1480|Göteborg|25471493|Iris Hadar/SFI och komvux|Ranängsgatan 3|41664|GÖTEBORG|Ranängsgatan 3|41664|GÖTEBORG|08-399200|http://www.irishadar.se|Gabriella.Jimenez@iris.se|GÖTEBORGS KOMMUN|Vakant|Kommuner
Kommunal|2120001355|14|Västra Götalands län|1480|Göteborg|88050820|Lernia/SFI|Anders Personsgatan 18|41664|GÖTEBORG|Anders Personsgatan 18|41664|GÖTEBORG|020-735735|http://www.lernia.se|vuxengymnasium@lernia.se|GÖTEBORGS KOMMUN|Vakant|Kommuner
Kommunal|2120001355|14|Västra Götalands län|1480|Göteborg|15197976|Prövningar/Vuxenutb.förvalt.|Box 5412|40229|GÖTEBORG|Skånegatan 20|41713|GÖTEBORG|031-3673000|http://www.educ.goteborg.se|info.provningar@educ.goteborg.se|GÖTEBORGS KOMMUN|Ingemar Hansson|Kommuner
Kommunal|2120001355|14|Västra Götalands län|1480|Göteborg|96831466|Studium, SFI|Box 4100|40040|GÖTEBORG|Styrmansgatan 21 B|41667|GÖTEBORG|031-3673200|http://www.goteborg.se/studium|info.studium@educ.goteborg.se|GÖTEBORGS KOMMUN|Birre Thomasson|Kommuner
Kommunal|2120001355|14|Västra Götalands län|1480|Göteborg|40195537|SVEAS/SFI|Falkgatan 7|41667|GÖTEBORG|Falkgatan 7|41729|GÖTEBORG|031-255003|http://www.sveas.se|styrelsen@sveas.se|GÖTEBORGS KOMMUN|Vakant|Kommuner
Kommunal|2120001363|14|Västra Götalands län|1481|Mölndal|82987737|Vuxenutbildning Mölndal|Krokslätts fabriker 12A|43137|MÖLNDAL|Krokslätts fabriker 12A|43137|MÖLNDAL|031-3153130|http://www.molndal.se/vuxenutbildning|vuxenutbildning@molndal.se|MÖLNDALS KOMMUN|Tina Chavoshi-Alizadeh|Kommuner
Kommunal|2120001363|14|Västra Götalands län|1481|Mölndal|47419190|Vägledning och Kompetens Mölndal|Krokslätts Fabriker, Göteborgsvägen 97, Ingång 1|43137|MÖLNDAL|Krokslätts Fabriker, Göteborgsvägen 97, Ingång 1|43137|MÖLNDAL|031-3151014|http://www.molndal.se/vuxenutbildning|vkm@molndal.se|MÖLNDALS KOMMUN|Håkan Gustavsson|Kommuner
Kommunal|2120001371|14|Västra Götalands län|1482|Kungälv|44441670|Vuxenutb. i Kungälv SFI|Box 574|44216|KUNGÄLV|Borgarparken 28|44232|KUNGÄLV|0303-238000|http://www.kungalv.se/vuxenutbildningen|komvux@kungalv.se|KUNGÄLVS KOMMUN|Kurt-Olov Sjöström|Kommuner
Kommunal|2120001389|14|Västra Götalands län|1484|Lysekil|50533115|Lysekils Vuxenutbildning SFI|Verkstadsgatan 6|45330|LYSEKIL|Verkstadsgatan 6|45330|LYSEKIL|0523-613626|http://www.komvux.lysekil.se|registrator@lysekil.se|LYSEKILS KOMMUN|Lena Carlstedt|Kommuner
Kommunal|2120001397|14|Västra Götalands län|1485|Uddevalla|86633974|Vuxenutbildningen Ro 3 SFI|Kaserngården 1 A|45134|UDDEVALLA|Kaserngården 1 A|45134|UDDEVALLA|0522-697800|http://www.uddevalla.se|vuxenutbildningen@uddevalla.se|UDDEVALLA KOMMUN|Anneli Gustafsson|Kommuner
Kommunal|2120001397|14|Västra Götalands län|1485|Uddevalla|86895581|Vuxenutbildningen Ro 4 SFI|Kaserngården 1 A|45134|UDDEVALLA|Kaserngården 1 A|45134|UDDEVALLA|0522-697800|http://www.uddevalla.se|vuxenutbildningen@uddevalla.se|UDDEVALLA KOMMUN|Anita Andersson Hagsgård|Kommuner
Kommunal|2120001405|14|Västra Götalands län|1486|Strömstad|62278994|Vuxenutbildningen, SFI|Strömstads Vuxenutbildning|45280|STRÖMSTAD|Tångenvägen 2|45235|STRÖMSTAD|0526-19503|http://www.stromstad.se|vuxenutbildningen@stromstad.se|STRÖMSTADS KOMMUN|Lina Magnusson|Kommuner
Kommunal|2220002998|14|Västra Götalands län|1487|Vänersborg|72702603|Komvux, SFI|Box 317|46224|VÄNERSBORG|Vänerparken 5|46235|VÄNERSBORG|0521-271882|http://www.kunskapsforbundet.se|infovuxvbg@kunskapsforbundet.se|Kunskapsförbundet Väst|Mia Sundström|Kommunalförbund
Kommunal|2220002998|14|Västra Götalands län|1488|Trollhättan|96516552|Lärcentrum/SFI|Vuxenutbildningen, Nils Ercsonsgymnasiet, Gärdhemsvägen 27|46132|TROLLHÄTTAN|Gärdhemsvägen 27|46132|TROLLHÄTTAN|0520-497344|http://www.kunskapsforbundet.se|infovuxthn@kunskapsforbundet.se|Kunskapsförbundet Väst|Mia Sundström|Kommunalförbund
Kommunal|2120001553|14|Västra Götalands län|1489|Alingsås|21276225|Vuxenutbildningen, SFI|Östra Ringgatan 16|44181|ALINGSÅS|Östra Ringgatan 16|44131|ALINGSÅS|0322-616755|http://www.alingsas.se|vuxenutbildningen@alingsas.se|ALINGSÅS KOMMUN|Ulrika Alestig|Kommuner
Landsting|2321000131|14|Västra Götalands län|1490|Borås|58664105|Fristads Folkhögskola SFI|Folkhögskolevägen 7|51332|FRISTAD|Folkhögskolevägen 7|51332|FRISTAD|033-236800|http://www.fristads.fhsk.se|exp@fristads.fhsk.se|VÄSTRA GÖTALANDS LÄNS LANDSTING|Vakant|Landsting
Kommunal|2120001561|14|Västra Götalands län|1490|Borås|75470359|Komvux, SFI|Fabriksgatan 12|50338|BORÅS|Fabriksgatan 12|50338|BORÅS|033-357131|http://www.boras.se/utbildning|komvux@boras.se|BORÅS KOMMUN|Josipa Matic|Kommuner
Kommunal|2120001579|14|Västra Götalands län|1491|Ulricehamn|63966032|Tingsholmsgymn. vuxenutb., SFI||52386|ULRICEHAMN|Tre Rosors väg|52333|ULRICEHAMN|0321-595000|http://www.ulricehamn.se/tingsholm|so-tingsholm@ulricehamn.se|ULRICEHAMNS KOMMUN|Stefan Hagebring|Kommuner
Kommunal|2120001587|14|Västra Götalands län|1492|Åmål|75851915|Vuxenutbildningen, SFI|Schölinsgatan 7|66232|ÅMÅL|Schölinsgatan 7|66232|ÅMÅL|0532-17215|http://www.vux.amal.se|anna-lena.fredriksson@amal.se|ÅMÅLS KOMMUN|Annica Larsson|Kommuner
Kommunal|2120001686|14|Västra Götalands län|1493|Mariestad|48214042|Vuxenutbildning|Drottning Kristinas väg 50|54244|MARIESTAD|Drottning Kristinas väg 50|54244|MARIESTAD|0501-755600|http://www.komvux.mariestad.se|komvux@mariestad.se|MARIESTADS KOMMUN|Maria Appelgren|Kommuner
Kommunal|2120001694|14|Västra Götalands län|1494|Lidköping|80555928|Campus Lidköping, SFI|Fabriksgatan 2|53130|LIDKÖPING|Fabriksgatan 2|53130|LIDKÖPING|0510-770935|http://www.campus.lidkoping.se|campuslidkoping@lidkoping.se|LIDKÖPINGS KOMMUN|Annelie Svantesson|Kommuner
Kommunal|2120001702|14|Västra Götalands län|1495|Skara|89497013|Vuxenutbildningen Skara SFI||53288|SKARA|Malmgatan 10|53231|SKARA|0511-32645|http://www.skara.se/vux|Sirpa.Molin@skara.se|SKARA KOMMUN|Camilla Börjesson Jansson|Kommuner
Kommunal|2120001710|14|Västra Götalands län|1496|Skövde|59979402|Vuxenutbildning enhet 3|Wennerbergs gata 2|54150|SKÖVDE|Wennerbergs gata 2|54150|SKÖVDE|0500-497700|http://www.skovde.se/vuxenutbildning|vuxenutbildning@skovde.se|SKÖVDE KOMMUN|Hanna Bäcklund|Kommuner
Kommunal|2120001728|14|Västra Götalands län|1497|Hjo|25878197|SFI||54481|HJO|Lundbyvägen 12|54431|HJO|0503-32335|http://www.hjo.se|josefin.vester@hjo.se|HJO KOMMUN|Josefine Wester|Kommuner
Kommunal|2120001736|14|Västra Götalands län|1498|Tidaholm|49915846|Kompetenscentrum SFI|Tidaholms kommun|52283|TIDAHOLM|Södra Kungsvägen 8|52234|TIDAHOLM|0502-606173|http://www.tidaholm.se|kompetenscentrum@tidaholm.se|TIDAHOLMS KOMMUN|Anders Liedholm|Kommuner
Kommunal|2120001744|14|Västra Götalands län|1499|Falköping|72392339|Lärcenter 1|Lärcenter|52181|FALKÖPING|Nils Ericsonsgatan 5|52131|FALKÖPING|0515-887100|http://www.falkoping.se/vuxenutbildningen|kan@falkoping.se|FALKÖPINGS KOMMUN|Bernt Lundqvist|Kommuner
Kommunal|2120001744|14|Västra Götalands län|1499|Falköping|46626063|Lärcenter 2|Lärcenter|52181|FALKÖPING|Nils Ericsonsgatan 5|52131|FALKÖPING|0515-887100|http://www.falkoping.se/vuxenutbildningen|Carina.Wideqvist@falkoping.se|FALKÖPINGS KOMMUN|Lena Carlstedt|Kommuner
Kommunal|2120001751|17|Värmlands län|1715|Kil|74258186|Vuxenskolan SFI|Gärdesgatan 12|66532|KIL|Gärdesgatan 12|66532|KIL|0554-12700|http://www.sv.se/|madelene.terner@sv.se|KILS KOMMUN|Torbjörn Nilsson|Kommuner
Kommunal|2120001769|17|Värmlands län|1730|Eda|30777960|Kommunal vuxenutbildning|Box 30|67040|ÅMOTFORS|Älvuddsgatan 38|67040|ÅMOTFORS|0571-28301|http://www.eda.se/|edagymnasieskola@eda.se|EDA KOMMUN|Dan Forkéus|Kommuner
Kommunal|2120001777|17|Värmlands län|1737|Torsby|67479283|Stjerneskolan, SFI|60 Stjerneskolan|68580|TORSBY|Fabriksgatan 3|68534|TORSBY|0560-16000|http://www.stjerneskolan.se|stjerneskolan@edu.torsby.se|TORSBY KOMMUN|Ros-Marie Johnsdotter|Kommuner
Kommunal|2120001785|17|Värmlands län|1760|Storfors|60010408|Forsbroskolan, SFI|Box 1001|68829|STORFORS|Folkets Hus, Centrumplan 1|68830|STORFORS|0550-65226|http://www.storfors.se|annelie.izindre@storfors.se|STORFORS KOMMUN|Annelie Izindre|Kommuner
Kommunal|2120001801|17|Värmlands län|1762|Munkfors|36461282|Geijerskolan SFI||68493|RANSÄTER|Geijerskolan|68493|RANSÄTER|0552-30250|http://www.geijerskolan.se|info@geijerskolan.se|MUNKFORS KOMMUN|Håkan Jonasson|Kommuner
Kommunal|2120001819|17|Värmlands län|1763|Forshaga|58852846|Kommunal vuxenutbildning|Box 93|66722|FORSHAGA|Malmgatan 2|66732|FORSHAGA|054-172110|http://www.forshaga.se/vux|stefan.axelsson@forshaga.se|FORSHAGA KOMMUN|Gunilla Andersson Gärds|Kommuner
Kommunal|2120001835|17|Värmlands län|1765|Årjäng|53479006|Årjängs gymnasieskola, SFI|Box 908|67229|ÅRJÄNG|Högdalsvägen 4|67231|ÅRJÄNG|0573-14225|http://www.arjang.se|agyskolan@arjang.se|ÅRJÄNGS KOMMUN|Ane Skoland|Kommuner
Kommunal|2120001843|17|Värmlands län|1766|Sunne|66839765|Sunne gymnasieskola, SFI|36. Storgatan 39|68680|SUNNE|Storgatan 39|68630|SUNNE|0565-17935|http://www.sunne.se/|kommun@sunne.se|SUNNE KOMMUN|Åke Svensson|Kommuner
Kommunal|2120001850|17|Värmlands län|1780|Karlstad|74595869|Tingvallagymnasiet SFI|Karlstad-Hammarö gymnasieskola, Tingvallagymnasiet Alen|65184|KARLSTAD|Tingvallagatan 6|66050|KARLSTAD|054-5401650|http://www.karlstad.se/khg|tingvallagymnasiet@karlstad.se|KARLSTADS KOMMUN|Christine Holmberg|Kommuner
Kommunal|2120001850|17|Värmlands län|1780|Karlstad|64213500|Tingvallagymnasiet Uppdragsutbildning|Tingvallagymnasiet|65184|KARLSTAD|Karlbergsgatan 2A|65184|KARLSTAD|054-5400000|http://www.karlstad.se|vuxenutbildningen@karlstad.se|KARLSTADS KOMMUN|Christine Holmberg|Kommuner
Kommunal|2120001850|17|Värmlands län|1780|Karlstad|64061266|Vuxenutbildningen Karlstad-Hammarö|Vuxenutbildningen Karlstad-Hammarö|65184|KARLSTAD|Tingvallagatan 6|65593|KARLSTAD|054-5400000|http://www.karlstad.se/khg|vuxenutbildningen@karlstad.se|KARLSTADS KOMMUN|Urban Karlsson|Kommuner
Kommunal|2120001868|17|Värmlands län|1781|Kristinehamn|90112622|Komvux, SFI|3. Brogårdsskolan|68184|KRISTINEHAMN|Gamla Kyrkogatan 2|68138|KRISTINEHAMN|0550-88510|http://www.kristinehamn.se/skola-barnomsorg|info.komvux@kristinehamn.se|KRISTINEHAMNS KOMMUN|Anna Brandelgård|Kommuner
Kommunal|2120001876|17|Värmlands län|1782|Filipstad|40418974|Frivilliga skolformer, Kommunal vuxenutbildning|Box 310|68227|FILIPSTAD|Fogdevägen 2|68231|FILIPSTAD|0590-61412|http://filipstad.se|spangbergsgymnasiet@filipstad.se|FILIPSTADS KOMMUN|Peter Ramqvist|Kommuner
Kommunal|2120001884|17|Värmlands län|1783|Hagfors|49300918|Älvstrandsgymn. komvux, SFI||68380|HAGFORS|Älvstrandsvägen 2|68330|HAGFORS|0563-18860|http://www.alvstranden.hagfors.se|gymnasiet@hagfors.se|HAGFORS KOMMUN|Roland Wiklund|Kommuner
Kommunal|2120001892|17|Värmlands län|1784|Arvika|30885683|ANC, SFI|Box 913|67129|ARVIKA|ANC, Strandvägen 2|67151|ARVIKA|0570-749226|http://www.aanc.se|info.sfi@aanc.se|ARVIKA KOMMUN|Ellinor Axelsson|Kommuner
Kommunal|2120001900|17|Värmlands län|1785|Säffle|86564020|Lärcenter, SFI|Box 717|66129|SÄFFLE|Forskningsvägen 1|66132|SÄFFLE|0533-681909|http://www.larcenter.se|info@larcenter.se|SÄFFLE KOMMUN|Owe Johansson|Kommuner
Kommunal|2120002981|18|Örebro län|1814|Lekeberg|29614389|Lekebergsskolan SFI|Bangatan 7|71631|FJUGESTA|Letstigen 2|71631|FJUGESTA|0585-48822|http://www.lekeberg.se/barnutb/|kub@lekeberg.se|LEKEBERGS KOMMUN|Anita Ladinek|Kommuner
Kommunal|2220001180|18|Örebro län|1861|Hallsberg|41822849|Vuxenutbildning SFI||69480|HALLSBERG|Södra Allén 14|69430|HALLSBERG|0582-685238|http://www.sydnarkeutbildningar.se|komvux@sydnarkeutbildningar.se|SYDNÄRKES UTBILDNINGSFÖRBUND|Lena Hansson|Kommunalförbund
Kommunal|2120001942|18|Örebro län|1863|Hällefors|10023587|SFI|Klockarvägen 4|71234|HÄLLEFORS|klockarvägen 4|71234|HÄLLEFORS|0591-64196|http://www.hellefors.se|annika.eriksson@hellefors.se|HÄLLEFORS KOMMUN|Annika Eriksson|Kommuner
Kommunal|2120001959|18|Örebro län|1864|Ljusnarsberg|82762537|Komvux, SFI|Ljusnarsbergs kommun|71480|KOPPARBERG|Kapellansgatan 5|71431|KOPPARBERG|0580-80633|http://www.ljusnarsberg.se/|kommun@ljusnarsberg.se|LJUSNARSBERGS KOMMUN|Ida Andersson|Kommuner
Kommunal|2120001967|18|Örebro län|1880|Örebro|26714973|Komvux Örebro / Grund|Box 32180|70135|ÖREBRO|Hagagatan 53|70346|ÖREBRO|019-216349|http://www.orebro.se|svanfridur.birgisdottir@orebro.se|ÖREBRO KOMMUN|Staffan Östman|Kommuner
Kommunal|2120001967|18|Örebro län|1880|Örebro|76903247|Komvux Örebro / SFI|Box  32160|70135|ÖREBRO|Hagagatan 53|70346|ÖREBRO|019-216349|http://www.orebro.se|svanfridur.birgisdottir@orebro.se|ÖREBRO KOMMUN|Svanfridur Birgisdottir|Kommuner
Kommunal|2120001975|18|Örebro län|1881|Kumla|13053763|Vuxenutbildning i Kumla SFI|Kumla kommun|69280|KUMLA|S Kungsvägen 1 FdAGE skofabrik|69231|KUMLA|019-588000|http://www.kumla.se|livslangtlarande@kumla.se|KUMLA KOMMUN|Gunnar Andersson|Kommuner
Kommunal|2120001991|18|Örebro län|1883|Karlskoga|93809628|Karlskoga folkhögskola SFI|Rektor Lindholms väg 23|69144|KARLSKOGA|Rektor Lindholms väg 23|69144|KARLSKOGA|0586-64600|http://www.karlskoga.se/fhsk|karlskoga.fhsk@folkbildning.net|KARLSKOGA KOMMUN|Elaine Lindblom|Kommuner
Kommunal|2120001991|18|Örebro län|1883|Karlskoga|76569361|Kommunal vuxenutbildning, SFI|27. Komvux|69183|KARLSKOGA|Gösta Berlings väg 20|69138|KARLSKOGA|0586-61546|http://www.karlskoga.se|larsjohan.fahlstrom@karlskoga.se|KARLSKOGA KOMMUN|Johan Fahlström|Kommuner
Kommunal|2120002007|18|Örebro län|1884|Nora|79268061|KomVux Nora, SFI|Tingshuset|71380|NORA|Malmgatan 4|71330|NORA|0587-81240|http://www.nora.se|nora.kommun@nora.se|NORA KOMMUN|Claes Dyst|Kommuner
Kommunal|2120002015|18|Örebro län|1885|Lindesberg|43079205|Vuxenutbildningen Masugnen SFI|Sinderstalpsvägen 1|71131|LINDESBERG|Sinderstalpsvägen 1|71131|LINDESBERG|0581-81600|http://www.masugnen.se|masugnen.mail@lindesberg.se|LINDESBERGS KOMMUN|Catrine Pernros-Eriksson|Kommuner
Kommunal|2120002056|19|Västmanlands län|1960|Kungsör|60462003|Vuxenutbildning/SFI|Kungsörs kommun|73685|KUNGSÖR|Skolgatan 5|73633|KUNGSÖR|0227-600327|http://www..kungsor.se/vuxenutbildning|barnochutbildning@kungsor.se|KUNGSÖRS KOMMUN|Kristin Fernerud|Kommuner
Kommunal|2120002064|19|Västmanlands län|1961|Hallstahammar|71558379|Vuxenutbildning Hallstahammar||73480|HALLSTAHAMMAR|Industrigatan 1C, plan 4|73430|HALLSTAHAMMAR|0220-24098|http://www.hallstahammar.se|eva-lena.klaasma@hallstahammar.se|HALLSTAHAMMARS KOMMUN|Eva-Lena Klaasma|Kommuner
Kommunal|2120002080|19|Västmanlands län|1980|Västerås|73051889|Folkuniversitetet Västerås SFI|Smedjegatan 9-11|72213|VÄSTERÅS|Smedjegatan 9-11|72213|VÄSTERÅS|021-153609|http://www.folkuniversitetet.se|marina.slutej@folkuniversitetet.se|VÄSTERÅS KOMMUN|Marie Åsbrink|Kommuner
Kommunal|2120002080|19|Västmanlands län|1980|Västerås|70946744|Frimanskas Vux|Växhuset, V Larssons Plats 1|72214|VÄSTERÅS|Viktor Larssons plats|72214|VÄSTERÅS|021-399701|http://www.vasteras.se/frimanska|frimanska@vasteras.se|VÄSTERÅS KOMMUN|Lina Walin|Kommuner
Kommunal|2120002080|19|Västmanlands län|1980|Västerås|44100578|VuxenUtbildningsCentrum/SFI|Västerås stad|72187|VÄSTERÅS|Kopparbergsvägen 6|72213|VÄSTERÅS|021-391745|http://www.vasteras.se/vuc/|vuc@vasteras.se|VÄSTERÅS KOMMUN|Jenny Twana|Kommuner
Kommunal|2120002080|19|Västmanlands län|1980|Västerås|62722109|Västerås folkhögskola SFI|Kristinagatan 12|72461|VÄSTERÅS|Kristinagatan 12|72461|VÄSTERÅS|021-140705|http://www.vfhsk.se|info@vfhsk.se|VÄSTERÅS KOMMUN|Lars Forsmark|Kommuner
Kommunal|2120002098|19|Västmanlands län|1981|Sala|21996861|Enh. för vuxnas lärande, SFI|Box 304|73325|SALA|Gymnasiegatan 1|73340|SALA|0224-748705|http://www.ksk.sala.se|info@gy.sala.se|SALA KOMMUN|Tord Hallberg|Kommuner
Kommunal|2220000927|19|Västmanlands län|1982|Fagersta|11083778|NVU, Brinellskolan komvux, SFI|Fridavägen 5|73744|FAGERSTA|Norrbyvägen 2|73741|FAGERSTA|0223-44300|http://www.nvu.se|registrator@nvu.se|NORRA VÄSTMANLANDS UTBILDNINGSFÖRBUND|Ulla Pietarinen|Kommunalförbund
Kommunal|2120002114|19|Västmanlands län|1983|Köping|13644940|Komvux, SFI|Köpings kommun kompetenscenter|73185|KÖPING|Glasgatan 20 B|73130|KÖPING|0221-25400|http://www.kc.koping.se|kompetenscenter@koping.se|KÖPINGS KOMMUN|Anna-Klara Sjölund|Kommuner
Kommunal|2120002122|19|Västmanlands län|1984|Arboga|55879287|Vuxenutbildning, SFI|Box 6|73221|ARBOGA|Gunnarsrovägen 2|73232|ARBOGA|0589-87478|http://www.arboga.se|ewa.hedstrom@arboga.se|ARBOGA KOMMUN|Ann Sonnerfelt|Kommuner
Kommunal|2220003145|20|Dalarnas län|2021|Vansbro|24106787|Vansbro Lärcentrum, SFI|Medborgarhuset|78050|VANSBRO|Parkgatan 8|78050|VANSBRO|0281-75238|http://www.vansbro.se/larcentrum|larcentrum@vansbro.se|Västerdalarnas Utbildningsförbund|Karin Ek-Lissbol|Kommunalförbund
Kommunal|2120002148|20|Dalarnas län|2023|Malung-Sälen|15155521|Lärcentrum|Box 14|78221|MALUNG|Moravägen 9 A|78231|MALUNG|0280-18639|http://www.malung-salen.se/|larcentrum@vduf.se|MALUNG-SÄLENS KOMMUN|Karin Ek-Lissbol|Kommuner
Kommunal|2120002155|20|Dalarnas län|2026|Gagnef|93894526|Vuxenutbildningen Gagnef/SFI|Gagnefs kommun|78580|GAGNEF|Skolvägen 1|78543|MOCKFJÄRD|0241-15413|http://www.gagnef.se/|monica.landin@gagnef.se|GAGNEFS KOMMUN|Monica Landin|Kommuner
Kommunal|2120002163|20|Dalarnas län|2029|Leksand|71655983|Vuxenutbildningen|Kyrkallén 7|79331|LEKSAND|Kyrkallén 7|79331|LEKSAND|0247-80668|http://www.leksand.se|vuxenutbildning@leksand.se|LEKSANDS KOMMUN|John Arrias|Kommuner
Kommunal|2120002163|20|Dalarnas län|2029|Leksand|54583264|Västanviks folkhögskola SFI|Box 300|79327|LEKSAND|Winterommes väg 5|79392|LEKSAND|0247-64100|http://www.vastanviksfhs.se|info@vastanviksfhs.se|LEKSANDS KOMMUN|Gunilla Kolm|Kommuner
Kommunal|2120002213|20|Dalarnas län|2062|Mora|10438095|Mora vuxenutbildning, ro 5 SFI|Kommunala vuxenutbildningen|79280|MORA|Kristinebergsgatan 8-10|79232|MORA|0250-26932|http://www.mora.se|gymnasieforvaltningen@mora.se|MORA KOMMUN|Maria Holmqvist|Kommuner
Kommunal|2120002221|20|Dalarnas län|2080|Falun|15104098|Falu gymnasiala vuxenutb.|Vägledningscentrum|79183|FALUN|Kristinegatan 28|79171|FALUN|023-82909|http://www.falun.se|vux@falun.se|FALU KOMMUN|Elisabeth Lundgren|Kommuner
Kommunal|2120002221|20|Dalarnas län|2080|Falun|19368897|Falu komvux, SFI|Falu Kommun Komvux|79183|FALUN|Lugnetpaviljongen, Högskolegatan 14|79131|FALUN|023-82497|http://www.falun.se|komvux@falun.se|FALU KOMMUN|Sandra Pettersson|Kommuner
Kommunal|2120002239|20|Dalarnas län|2081|Borlänge|23271019|Fornby folkhögskola SFI|Box 5016|78105|BORLÄNGE|Fornbyvägen|78445|BORLÄNGE|0243-239550|http://www.fornby.fhsk.se|info@fornby.fhsk.se|BORLÄNGE KOMMUN|Per Erik Kaj|Kommuner
Kommunal|2120002239|20|Dalarnas län|2081|Borlänge|23071430|Vuxenutbildningen, SFI|Borlänge kommun|78181|BORLÄNGE|Röda v 3, Högsk. Norra entrén|78170|BORLÄNGE|0243-74000|http://www.borlange.se/barn-och-utbildning/vuxenutbildning/utbildning-i-svenska-for-invandrare/|vuxenutbildningen@borlange.se|BORLÄNGE KOMMUN|Vakant|Kommuner
Kommunal|2120002247|20|Dalarnas län|2082|Säter|61767815|Vuxenutbildningen/SFI|Box 300, Rådhuset|78327|SÄTER|Jönshyttevägen 4|78332|SÄTER|0225-55412|http://www.sater.se|post.vuxenutbildningen@skola.sater.se|SÄTERS KOMMUN|Gunnar Johansson|Kommuner
Kommunal|2120002254|20|Dalarnas län|2083|Hedemora|56980450|Hedemora Vuxenutbildning/ SFI|Box 201|77628|HEDEMORA|Kraftgatan 11|77633|HEDEMORA|0225-34563|http://www.hedemora.se|larcentrum@hedemora.se|HEDEMORA KOMMUN|Ninni Broström|Kommuner
Enskild|8820001371|20|Dalarnas län|2084|Avesta|14724690|Sjöviks folkhögskola SFI|Sjöviks folkhögskola|77595|FOLKÄRNA|Sjöviks folkhögskola|77595|FOLKÄRNA|0226-67800|http://www.sjovik.eu|exp@sjovik.eu|STIFTELSEN SJÖVIKS FOLKHÖGSKOLA|Lars Nilsson|Övriga stiftelser och fonder, inkl pensionsstiftelser och personalstiftelser
Kommunal|2120002262|20|Dalarnas län|2084|Avesta|97025014|Vuxenlärande SFI|Avesta kommun|77481|AVESTA|Kungsgatan 32|77430|AVESTA|0226-645077|http://www.avesta.se|marie.hjelm@avesta.se|AVESTA KOMMUN|Marie Hjelm|Kommuner
Kommunal|2220000802|20|Dalarnas län|2085|Ludvika|41893031|VBU SFI|Box 830|77128|LUDVIKA|Bergsgatan 17|77134|LUDVIKA|0240-86500|http://www.vbu.se|info@vbu.ludvika.se|VÄSTERBERGSLAGENS UTBILDNINGSCENTRUM,VBU|Karin Pihlström|Kommunalförbund
Kommunal|2120002288|21|Gävleborgs län|2101|Ockelbo|88064376|Vuxenutbildningen/IM|Ockelbo kommun|81680|OCKELBO|Rabovägen 8|81630|OCKELBO|0297-55461|http://www.ockelbo.se/|kommun@ockelbo.se|OCKELBO KOMMUN|Marie Nilsson|Kommuner
Kommunal|2120002296|21|Gävleborgs län|2104|Hofors|17314442|Björkhagsskolan, SFI|Hofors kommun|81381|HOFORS|Edskevägen 18|81330|HOFORS|0290-771515|http://www.hofors.se|bjorkhagsskolan@hofors.se|HOFORS KOMMUN|Stefan Andersson|Kommuner
Kommunal|2120002304|21|Gävleborgs län|2121|Ovanåker|39109900|Vuxenutb. i Ovanåker, SFI|Ovanåkers kommun|82880|EDSBYN|Olof Johanssons väg 21|82833|EDSBYN|0271-57161|http://www.ovanaker.se|barnochutbildning@ovanaker.se|OVANÅKERS KOMMUN|Christer Andersson|Kommuner
Kommunal|2220003111|21|Gävleborgs län|2132|Nordanstig|92508420|Vuxenutbildningen, SFI, särvux RO 16|Box 56|82070|BERGSJÖ|Södra vägen 8|82070|BERGSJÖ|010-4541241|http://www.hufb.se|info@hufb.se|Hälsinglands Utbildningsförbund|Lena Åslund Lööf|Kommunalförbund
Kommunal|2120002320|21|Gävleborgs län|2161|Ljusdal|58091758|Svenska för invandrare|Furugatan 3|82735|LJUSDAL|Furugatan 3|82735|LJUSDAL|0651-18522|http://www.ljusdal.se/uc|uc@ljusdal.se|LJUSDALS KOMMUN|Lena Jonasson|Kommuner
Kommunal|2120002338|21|Gävleborgs län|2180|Gävle|37370471|Vuxenutbildningen, SFI|Box 356|80105|GÄVLE|Nedre Åkargatan 67 A|80251|GÄVLE|026-179338|http://www.komvux.gavle.se|komvux@gavle.se|GÄVLE KOMMUN|Erik Eriksson|Kommuner
Kommunal|2120002346|21|Gävleborgs län|2181|Sandviken|47286885|Centrum för Vuxnas Lärande i Sandviken SFI|Barrsätragatan 6 B|81130|SANDVIKEN|Barrsätragatan 6 B|81130|SANDVIKEN|026-241900|http://www.sandviken.se|morgan.stjernstrom@edu.sandviken.se|SANDVIKENS KOMMUN|Mats Berglund|Kommuner
Kommunal|2220003111|21|Gävleborgs län|2182|Söderhamn|29052042|CFL SFI, vårdvux, RO14||82680|SÖDERHAMN|Södra Järnvägsgatan 7|82650|SÖDERHAMN|010-4541061|http://www.hufb.se|info@hufb.se|Hälsinglands Utbildningsförbund|Cecilia Torstensson|Kommunalförbund
Kommunal|2220003111|21|Gävleborgs län|2183|Bollnäs|10293256|Komvux, SFI, RO13|Läroverksgatan 36|82133|BOLLNÄS|Läroverksgatan 36|82133|BOLLNÄS|010-4541093|http://www.hufb.se|info@hufb.se|Hälsinglands Utbildningsförbund|Eva Björklin|Kommunalförbund
Kommunal|2120002379|21|Gävleborgs län|2184|Hudiksvall|97795640|Centrum för utv. o lärande SFI|Kullgatan 6-8|82430|HUDIKSVALL|Norra Kyrkogatan 39|82430|HUDIKSVALL|0650-19300|http://www.hudiksvall.se|cul@hudiksvall.se|HUDIKSVALLS KOMMUN|Signhild Olsson|Kommuner
Kommunal|2120002387|22|Västernorrlands län|2260|Ånge|14011098|Ångströmsenheten, SFI|Västra Skolgatan 8|84181|ÅNGE|Västra Skolgatan 6|84133|ÅNGE|0690-250194|http://www.ange.se|angstromsenheten@ange.se|ÅNGE KOMMUN|Erik Högberg|Kommuner
Kommunal|2120002395|22|Västernorrlands län|2262|Timrå|14184343|Lärvux i Timrå|Kottgränd 5|86133|TIMRÅ|Tallnäs studiecentrum, Kottgränd 5|86133|TIMRÅ|060-163551|http://www.timra.se|barn@timra.se|TIMRÅ KOMMUN|Eva-Britt Junkka|Kommuner
Kommunal|2120002395|22|Västernorrlands län|2262|Timrå|28058553|Svenskundervisning för invandrare|Kottgränd 5|86133|TIMRÅ|Tallnäs studiecentrum, Kottgränd 5|86133|TIMRÅ|060-163551|http://www.timra.se|barn@timra.se|TIMRÅ KOMMUN|Eva-Britt Junkka|Kommuner
Kommunal|2120002395|22|Västernorrlands län|2262|Timrå|71260640|Vuxenutbildningen i Timrå|Kottgränd 5|86133|TIMRÅ|Tallnäs studiecentrun, Kottgränd 5|86133|TIMRÅ|060-571053|http://www.timra.se|barn@timra.se|TIMRÅ KOMMUN|Eva-Britt Junkka|Kommuner
Enskild|8880001725|22|Västernorrlands län|2280|Härnösand|50232458|Härnösands folkhögskola SFI|Box 14|87121|HÄRNÖSAND|Murbergsvägen 32|87150|HÄRNÖSAND|0611-558500|http://www.hfs.se|info@hfs.se|HÄRNÖSANDS FOLKHÖGSKOLA|Ola Bojestig|Ideella föreningar
Kommunal|2120002403|22|Västernorrlands län|2280|Härnösand|78774498|Vuxenutbildningen, SFI|Härnösands kommun|87180|HÄRNÖSAND|Johannesbergsgatan 3|87131|HÄRNÖSAND|0611-348410|http://www.harnosand.se|komvux@harnosand.se|HÄRNÖSANDS KOMMUN|Petra Norberg|Kommuner
Kommunal|2120002411|22|Västernorrlands län|2281|Sundsvall|70745347|Nackstaskolan Komvux/SFI|Axvägen 5|85350|SUNDSVALL|Axvägen 5|86231|SUNDSVALL|060-198971|http://www.vuxenutbildning.org|sfi@sundsvall.se|SUNDSVALLS KOMMUN|Julia Riabouchkina|Kommuner
Kommunal|2120002429|22|Västernorrlands län|2282|Kramfors|37728899|Studiecentrum, SFI|Företagsvägen 2|87280|KRAMFORS|Limstagatan 18|87230|KRAMFORS|0612-80536|http://yhk.se|info.vuxenutbildningen@kramfors.se|KRAMFORS KOMMUN|Markus Selin|Kommuner
Kommunal|2120002437|22|Västernorrlands län|2283|Sollefteå|56190265|Komvux / SFI Reveljen|Sollefteå kommun Medborgarservice|88180|SOLLEFTEÅ|Nipan 3|88150|SOLLEFTEÅ|0620-682000|http://www.solleftea.se|kommun@solleftea.se|SOLLEFTEÅ KOMMUN|Christer Sjödin|Kommuner
Kommunal|2120002445|22|Västernorrlands län|2284|Örnsköldsvik|33753344|Vuxenutbildning SFI, byskolor|Örnsköldsviks kommun, Vuxenutbildningen|89188|ÖRNSKÖLDSVIK|Strandgatan 21|89133|ÖRNSKÖLDSVIK|0660-88907|http://www.ornskoldsvik.se|ulrika.holmgren@ornskoldsvik.se|ÖRNSKÖLDSVIKS KOMMUN|Ulrika Holmgren|Kommuner
Kommunal|2120002445|22|Västernorrlands län|2284|Örnsköldsvik|21723684|Vuxenutbildning SFI, centrala stan|Örnsköldsviks kommun, Vuxenutbildningen|89188|ÖRNSKÖLDSVIK|Strandgatan 21|89133|ÖRNSKÖLDSVIK|0660-88903|http://www.komvux.ornskoldsvik.se/|komvux@ornskoldsvik.se|ÖRNSKÖLDSVIKS KOMMUN|Karin Jardstam|Kommuner
Kommunal|2220001636|23|Jämtlands län|2303|Ragunda|90763684|Jämtlands Vux Bispgården, SFI|Forsvägen 51|84073|BISPGÅRDEN|Forsvägen 51|84073|BISPGÅRDEN|010-4902417|http://www.jgy.se|bispgarden@jgy.se|JÄMTLANDS GYMNASIEFÖRBUND|Kristina Hellström|Kommunalförbund
Kommunal|2220001636|23|Jämtlands län|2305|Bräcke|71971131|Jämtlands Vux Bräcke, SFI|Box 12|84060|BRÄCKE|Västra Kungsvägen 34|84060|BRÄCKE|010-4902416|http://www.jgy.se|bracke@jgy.se|JÄMTLANDS GYMNASIEFÖRBUND|Margareta Nenzén|Kommunalförbund
Kommunal|2120002478|23|Jämtlands län|2309|Krokom|23506872|Komvux, SFI|Krokoms kommun|83580|KROKOM|Skolvägen 6|83580|KROKOM|0640-16173|http://www.krokom.se|kjell.sundstrom@krokom.se|KROKOMS KOMMUN|Kjell Sundström|Kommuner
Kommunal|2120002486|23|Jämtlands län|2313|Strömsund|18571880|Särsk. vuxenutb.komvux|Box 520|83324|STRÖMSUND|Myrgatan 4|83335|STRÖMSUND|0670-16154|http://www.hjalmar.nu|hjalmar.stromerskolan@stromsund.se|STRÖMSUNDS KOMMUN|Heidi Sundelin|Kommuner
Kommunal|2120002494|23|Jämtlands län|2321|Åre|98714175|Vuxenutbildning, SFI|Box 201|83005|JÄRPEN|Norra vägen 12|83013|JÄRPEN|0647-16318|http://are.se/barnutbildning/2015-03-27-14-20-29|komvux@are.se|ÅRE KOMMUN|Lena Öqvist|Kommuner
Kommunal|2120002502|23|Jämtlands län|2326|Berg|69509032|Komvux Berg, SFI|Box 73|84040|SVENSTAVIK|Skolvägen 8|84040|SVENSTAVIK|0687-16266|http://www.berg.se|gymnasiet@berg.se|BERGS KOMMUN|Jesper Englund|Kommuner
Kommunal|2120002510|23|Jämtlands län|2361|Härjedalen|57584698|Vuxnas Lärande|Medborgarhuset|84280|SVEG|Fjällvägen 15|84232|SVEG|0680-16298|http://www.herjedalen.se|barn.utbildning@herjedalen.se|HÄRJEDALENS KOMMUN|Cajsa Salomonsson|Kommuner
Kommunal|2120002528|23|Jämtlands län|2380|Östersund|15392571|Kommunal vuxenutbildning|Lärcentrum|83182|ÖSTERSUND|Rådhusgatan 72-74|83151|ÖSTERSUND|063-144221|http://www.larcentrum.se/ostersund|larcentrum@ostersund.se|ÖSTERSUNDS KOMMUN|Magnus Andersson|Kommuner
Kommunal|2120002536|24|Västerbottens län|2401|Nordmaling|19853682|Artediskolan, SFI|Nordmalings kommun|91481|NORDMALING|Stallgatan 14|91433|NORDMALING|0930-14103|http://www.artedi.nordmaling.se|anna.conradsson@nordmaling.se|NORDMALINGS KOMMUN|Anna Conradsson|Kommuner
Kommunal|2120002833|24|Västerbottens län|2403|Bjurholm|25698707|SFI||91681|BJURHOLM|Rektorsgatan 1|91631|BJURHOLM|0932-14060|http://www.bjurholm.se|mia.sjostrom@bjurholm.se|BJURHOLMS KOMMUN|Mia Sjöström|Kommuner
Kommunal|2120002544|24|Västerbottens län|2404|Vindeln|34537258|Komvux, SFI||92281|VINDELN|Storvägen 58|92231|VINDELN|0933-14227|http://www.vindeln.se|vindelns.kommun@vindeln.se|VINDELNS KOMMUN|Susanne Nilsson|Kommuner
Kommunal|2120002551|24|Västerbottens län|2409|Robertsfors|34838015|Lärcentrum||91581|ROBERTSFORS|Skolgatan 6|91531|ROBERTSFORS|0934-14000|http://www.robertsfors.se|bou@robertsfors.se|ROBERTSFORS KOMMUN|Anna-Karin Gustavsson|Kommuner
Kommunal|2120002858|24|Västerbottens län|2417|Norsjö|78950784|Kommunal vuxenutbildning SFI|skolgatan 26|93532|NORSJÖ|Skolgatan 26|93532|NORSJÖ|0918-14270|http://www.norsjo.se|max.bohman@norsjo.se|NORSJÖ KOMMUN|Max Bohman|Kommuner
Kommunal|2120002866|24|Västerbottens län|2418|Malå|10183906|SFI|Storgatan 13|93070|MALÅ|Skolgatan 2|93070|MALÅ|0953-14080|http://www.mala.se|skolexp@mala.se|MALÅ KOMMUN|Niklas Hultdin|Kommuner
Kommunal|2120002577|24|Västerbottens län|2421|Storuman|77661225|Storumans lärcentrum SFI|Skolgatan 23|92381|STORUMAN|Skolgatan 23|92331|STORUMAN|0951-14296|http://www.storuman.se/larcentrum/ |larcentrum@storuman.se|STORUMANS KOMMUN|Lina Forsebrant|Kommuner
Kommunal|2120002585|24|Västerbottens län|2422|Sorsele|68524015|Vindelälvsskolan SFI|Sorsele Kommun SFI|92481|SORSELE|Storgatan 11|92432|SORSELE|0952-14304|http://www.sorsele.se|bou@sorsele.se|SORSELE KOMMUN|Pia Brander|Kommuner
Kommunal|2120002809|24|Västerbottens län|2425|Dorotea|82153403|Dorotea Lärcentrum, komvux|Dorotea kommun|91781|DOROTEA|Storgatan 48|91731|DOROTEA|0942-14191|http://www.dorotea.se|larcentrum@dorotea.se|DOROTEA KOMMUN|Margareta Skoog|Kommuner
Kommunal|2120002841|24|Västerbottens län|2460|Vännäs|74764873|Liljaskolan, SFI|Liljas väg 6|91134|VÄNNÄS|Liljas väg 6|91134|VÄNNÄS|0935-14500|http://www.vannas.se|erik.aden@vannas.se|VÄNNÄS KOMMUN|Andreas Lundholm|Kommuner
Kommunal|2120002601|24|Västerbottens län|2462|Vilhelmina|48621790|Vilhelmina Lärcentrum SFI||91281|VILHELMINA|Skolgatan 12|91233|VILHELMINA|0940-14000|http://www.vilhelmina.se/larcentrum|larcentrum@vilhelmina.se|VILHELMINA KOMMUN|Lars Gavelin|Kommuner
Kommunal|2120002791|24|Västerbottens län|2463|Åsele|17059719|Åsele Centralskola, SFI|Skolgatan 1|91931|ÅSELE|Skolgatan 1|91931|ÅSELE|0941-14105|http://www.asele.se|reinhold.nasstrom@asele.se|ÅSELE KOMMUN|Reinhold Näsström|Kommuner
Kommunal|2120002627|24|Västerbottens län|2480|Umeå|62157965|SFI-skolan|Mossvägen 1|90339|UMEÅ|Mossvägen 1|90583|UMEÅ|090-162857|http://www.umea.se|info.vivakomvux@umea.se|UMEÅ KOMMUN|Anne Kiviniemi|Kommuner
Kommunal|2120002635|24|Västerbottens län|2481|Lycksele|78620943|Tannbergsskolan 5, SFI|Lycksele kommun|92181|LYCKSELE|Tannbergsvägen 9|92133|LYCKSELE|0950-16600|http://www.tannbergsskolan.nu/|tannbergsskolan@edu.lycksele.se|LYCKSELE KOMMUN|Johan Danielsson|Kommuner
Kommunal|2120002643|24|Västerbottens län|2482|Skellefteå|88275673|VUX, SFI|Skellefteå kommun|93185|SKELLEFTEÅ|Laboratorgränd 5|93177|SKELLEFTEÅ|0910-735000|http://www.skelleftea.se/vux|vux@skelleftea.se|SKELLEFTEÅ KOMMUN|Maryam Barkadehi|Kommuner
Kommunal|2120002650|25|Norrbottens län|2505|Arvidsjaur|88191771|Sandbackaskolan, SFI|Arvidsjaurs kommun|93381|ARVIDSJAUR|Fiskarvägen 4|93333|ARVIDSJAUR|0960-15693|http://www.arvidsjaur.se|kommun@arvidsjaur.se|ARVIDSJAURS KOMMUN|Lars Håkan Andersson|Kommuner
Kommunal|2120002668|25|Norrbottens län|2506|Arjeplog|41554057|Hornavanskolan/SFI|Strömvägen 23|93832|ARJEPLOG|Strömvägen 23|93832|ARJEPLOG|0961-14204|http://www.arjeplog.se|hornavanskolan@edu.arjeplog.se|ARJEPLOGS KOMMUN|Malin Westling|Kommuner
Kommunal|2220000760|25|Norrbottens län|2510|Jokkmokk|93565762|Jokkmokk Lärcentra, SFI|Kunskapens hus|96285|JOKKMOKK|Kyrkogatan 8A|96231|JOKKMOKK|0971-17372|http://www.lapplands.se|kunskapenshus@jokkmokk.se|LAPPLANDS KOMMUNALFÖRBUND|Marie Kuoljok|Kommunalförbund
Kommunal|2120002684|25|Norrbottens län|2513|Överkalix|18624338|Komvux, SFI|Skolkontoret|95681|ÖVERKALIX|Skolgatan 2|95631|ÖVERKALIX|0926-74087|http://www.overkalix.se|kommun@overkalix.se|ÖVERKALIX KOMMUN|Björn Karlsson|Kommuner
Kommunal|2120002692|25|Norrbottens län|2514|Kalix|85101052|SFI|Box 10155|95227|KALIX|Köpmannagatan 25|95234|KALIX|0923-65933|http://www.kalix.se|katja.kreivi@kalix.se|KALIX KOMMUN|Joakim Abrahamsson|Kommuner
Kommunal|2220000760|25|Norrbottens län|2521|Pajala|21850269|Pajala Lärcentra SFI|Kengisgatan 8|98431|PAJALA|Kengisgatan 8|98431|PAJALA|0978-12151|http://www.lapplands.se|larcentra.pajala@lapplands.se|LAPPLANDS KOMMUNALFÖRBUND|Bertil Svartz|Kommunalförbund
Kommunal|2220000760|25|Norrbottens län|2523|Gällivare|54666138|Gällivare Lärcentra, SFI|Box 502, Komvux Bäckskolan SFI|98325|MALMBERGET|Barongatan 6|98325|MALMBERGET|0970-18000|http://www.lapplands.se|lkf@gallivare.se|LAPPLANDS KOMMUNALFÖRBUND|Per Malmelöv|Kommunalförbund
Kommunal|2120002734|25|Norrbottens län|2560|Älvsbyn|19534908|Älvsby folkhögskola/SFI|Nygrensvägen|94233|ÄLVSBYN|Nygrensvägen|94233|ÄLVSBYN|0929-72300|http://www.alvsbyfolkhogskola.nu|Carina.Edlund-Jonsson@edu.alvsbyn.se|ÄLVSBYNS KOMMUN|Helena Hansson|Kommuner
Kommunal|2120002742|25|Norrbottens län|2580|Luleå|93795255|Vuxenutbildningen Luleå SFI|Upplagsvägen 24|97254|LULEÅ|Upplagsvägen 24|97254|LULEÅ|0920-453394|http://vuxenutbildning.lulea.se|vux@amf.lulea.se|LULEÅ KOMMUN|Sana Suljanovic|Kommuner
Kommunal|2120002759|25|Norrbottens län|2581|Piteå|68609932|Vuxenutbildningen i Piteå/SFI|Lidgatn 2 B|94150|PITEÅ|Lidgatan 2 B|94150|PITEÅ|0911-696414|http://www.pitea.se/vux|samhallsbyggnad@pitea.se|PITEÅ KOMMUN|Ingrid Lundgren Grankvist|Kommuner
Kommunal|2120002767|25|Norrbottens län|2582|Boden|23757740|SFI|Arbetsmarknadsförvaltningen|96186|BODEN|Garnisionsgatan 21|96175|BODEN|0921-62752|http://www.boden.se/utbildning|larcentrum@boden.se|BODENS KOMMUN|Helena Hansson|Kommuner
Kommunal|2120002775|25|Norrbottens län|2583|Haparanda|19236802|Sverigefinska folkhögsk/SFI|Box 154|95324|HAPARANDA|Torget 3|95332|HAPARANDA|0922-68800|http://www.svefi.net|info@svefi.net|HAPARANDA KOMMUN|Birgitta Tammilahti|Kommuner
Kommunal|2120002775|25|Norrbottens län|2583|Haparanda|18113505|Tornedalsskolan, SFI|Köpmansgatan 21|95385|HAPARANDA|Köpmansgatan 21|95332|HAPARANDA|0922-26090|http://www.haparanda.se|leif.ronnback@haparanda.se|HAPARANDA KOMMUN|Leif Rönnbäck|Kommuner
Kommunal|2220000760|25|Norrbottens län|2584|Kiruna|94935572|Kiruna Lärcentra, SFI|LKF Kiruna kommun|98185|KIRUNA|Bergmästargatan 8|98133|KIRUNA|0980-70752|http://www.lapplands.se|larcentra@skola.kiruna.se|LAPPLANDS KOMMUNALFÖRBUND|Mari Carlsten|Kommunalförbund